[03Aug2025 01:19:31.683] [main/INFO] [cpw.mods.modlauncher.Launcher/MODLAUNCHER]: ModLauncher running: args [--launchTarget, forgeserver, --fml.forgeVersion, 47.3.7, --fml.mcVersion, 1.20.1, --fml.forgeGroup, net.minecraftforge, --fml.mcpVersion, 20230612.114412, nogui]
[03Aug2025 01:19:31.688] [main/INFO] [cpw.mods.modlauncher.Launcher/MODLAUNCHER]: ModLauncher 10.0.9+10.0.9+main.dcd20f30 starting: java version 17.0.15 by Ubuntu; OS Linux arch amd64 version 6.8.0-1030-azure
[03Aug2025 01:19:32.158] [main/INFO] [net.minecraftforge.fml.loading.ImmediateWindowHandler/]: ImmediateWindowProvider not loading because launch target is forgeserver
[03Aug2025 01:19:32.332] [main/INFO] [mixin/]: SpongePowered MIXIN Subsystem Version=0.8.5 Source=union:/workspaces/mcfabric1/servidor_minecraft/libraries/org/spongepowered/mixin/0.8.5/mixin-0.8.5.jar%2365!/ Service=ModLauncher Env=SERVER
[03Aug2025 01:19:32.810] [main/WARN] [net.minecraftforge.fml.loading.moddiscovery.ModFileParser/LOADING]: Mod file /workspaces/mcfabric1/servidor_minecraft/libraries/net/minecraftforge/fmlcore/1.20.1-47.3.7/fmlcore-1.20.1-47.3.7.jar is missing mods.toml file
[03Aug2025 01:19:32.811] [main/WARN] [net.minecraftforge.fml.loading.moddiscovery.ModFileParser/LOADING]: Mod file /workspaces/mcfabric1/servidor_minecraft/libraries/net/minecraftforge/javafmllanguage/1.20.1-47.3.7/javafmllanguage-1.20.1-47.3.7.jar is missing mods.toml file
[03Aug2025 01:19:32.813] [main/WARN] [net.minecraftforge.fml.loading.moddiscovery.ModFileParser/LOADING]: Mod file /workspaces/mcfabric1/servidor_minecraft/libraries/net/minecraftforge/lowcodelanguage/1.20.1-47.3.7/lowcodelanguage-1.20.1-47.3.7.jar is missing mods.toml file
[03Aug2025 01:19:32.814] [main/WARN] [net.minecraftforge.fml.loading.moddiscovery.ModFileParser/LOADING]: Mod file /workspaces/mcfabric1/servidor_minecraft/libraries/net/minecraftforge/mclanguage/1.20.1-47.3.7/mclanguage-1.20.1-47.3.7.jar is missing mods.toml file
[03Aug2025 01:19:33.264] [main/WARN] [net.minecraftforge.jarjar.selection.JarSelector/]: Attempted to select two dependency jars from JarJar which have the same identification: Mod File:  and Mod File: . Using Mod File: 
[03Aug2025 01:19:33.266] [main/WARN] [net.minecraftforge.jarjar.selection.JarSelector/]: Attempted to select a dependency jar for JarJar which was passed in as source: playeranimator. Using Mod File: /workspaces/mcfabric1/servidor_minecraft/mods/player-animation-lib-forge-1.0.2-rc1+1.20.jar
[03Aug2025 01:19:33.266] [main/INFO] [net.minecraftforge.fml.loading.moddiscovery.JarInJarDependencyLocator/]: Found 12 dependencies adding them to mods collection
[03Aug2025 01:19:36.189] [main/INFO] [mixin/]: Compatibility level set to JAVA_17
[03Aug2025 01:19:36.358] [main/INFO] [mixin/]: Successfully loaded Mixin Connector [de.maxhenkel.car.MixinConnector]
[03Aug2025 01:19:36.359] [main/INFO] [cpw.mods.modlauncher.LaunchServiceHandler/MODLAUNCHER]: Launching target 'forgeserver' with arguments [nogui]
[03Aug2025 01:19:36.527] [main/INFO] [ModernFix/]: Loaded configuration file for ModernFix 5.24.4+mc1.20.1: 96 options available, 0 override(s) found
[03Aug2025 01:19:36.528] [main/INFO] [ModernFix/]: Applying Nashorn fix
[03Aug2025 01:19:36.545] [main/INFO] [ModernFix/]: Applied Forge config corruption patch
[03Aug2025 01:19:36.681] [main/INFO] [Embeddium/]: Loaded configuration file for Embeddium: 114 options available, 0 override(s) found
[03Aug2025 01:19:36.741] [main/WARN] [mixin/]: Reference map 'coroutil.refmap.json' for coroutil.mixins.json could not be read. If this is a development environment you can ignore this message
[03Aug2025 01:19:36.785] [main/WARN] [mixin/]: Reference map 'cristellib-forge-refmap.json' for cristellib.mixins.json could not be read. If this is a development environment you can ignore this message
[03Aug2025 01:19:36.899] [main/WARN] [com.cupboard.Cupboard/]: Config structureessentials.json not found, recreating default
[03Aug2025 01:19:36.903] [main/INFO] [com.cupboard.Cupboard/]: Loaded config for: structureessentials.json
[03Aug2025 01:19:38.122] [main/ERROR] [net.minecraftforge.fml.loading.RuntimeDistCleaner/DISTXFORM]: Attempted to load class net/minecraft/client/gui/Gui for invalid dist DEDICATED_SERVER
[03Aug2025 01:19:38.123] [main/WARN] [mixin/]: Error loading class: net/minecraft/client/gui/Gui (java.lang.RuntimeException: Attempted to load class net/minecraft/client/gui/Gui for invalid dist DEDICATED_SERVER)
[03Aug2025 01:19:38.123] [main/WARN] [mixin/]: @Mixin target net.minecraft.client.gui.Gui was not found car.mixins.json:GuiMixin
[03Aug2025 01:19:38.125] [main/WARN] [mixin/]: Error loading class: net/minecraft/client/gui/screens/SoundOptionsScreen (java.lang.ClassNotFoundException: net.minecraft.client.gui.screens.SoundOptionsScreen)
[03Aug2025 01:19:38.125] [main/WARN] [mixin/]: @Mixin target net.minecraft.client.gui.screens.SoundOptionsScreen was not found car.mixins.json:SoundOptionsScreenMixin
[03Aug2025 01:19:38.460] [main/INFO] [MixinExtras|Service/]: Initializing MixinExtras via com.llamalad7.mixinextras.service.MixinExtrasServiceImpl(version=0.4.1).
[03Aug2025 01:19:39.201] [main/INFO] [net.minecraft.server.Bootstrap/]: ModernFix reached bootstrap stage (13.21 s after launch)
[03Aug2025 01:19:39.394] [main/WARN] [mixin/]: @Final field delegatesByName:Ljava/util/Map; in modernfix-forge.mixins.json:perf.forge_registry_alloc.ForgeRegistryMixin should be final
[03Aug2025 01:19:39.395] [main/WARN] [mixin/]: @Final field delegatesByValue:Ljava/util/Map; in modernfix-forge.mixins.json:perf.forge_registry_alloc.ForgeRegistryMixin should be final
[03Aug2025 01:19:41.043] [main/INFO] [net.minecraft.server.Bootstrap/]: Vanilla bootstrap took 1839 milliseconds
[03Aug2025 01:19:43.482] [main/WARN] [mixin/]: Static binding violation: PRIVATE @Overwrite method m_47505_ in modernfix-common.mixins.json:perf.remove_biome_temperature_cache.BiomeMixin cannot reduce visibiliy of PUBLIC target method, visibility will be upgraded.
[03Aug2025 01:19:43.935] [modloading-worker-0/INFO] [necronomicon/]: Creating default config file for elocindev.animation_overhaul.config.AnimationsConfig.
[03Aug2025 01:19:43.942] [modloading-worker-0/INFO] [necronomicon/]: Creating default config file for elocindev.animation_overhaul.config.PlayerConfig.
[03Aug2025 01:19:43.944] [modloading-worker-0/INFO] [animation_overhaul/]: Animation Overhaul's Config initialized
[03Aug2025 01:19:43.975] [modloading-worker-0/INFO] [com.jtorleonstudios.libraryferret.LibraryFerret/]: Welcome! /workspaces/mcfabric1/servidor_minecraft/config/libraryferret_1.properties created and initialized with default value
[03Aug2025 01:19:43.976] [modloading-worker-0/INFO] [com.jtorleonstudios.libraryferret.LibraryFerret/]: Initialize mod Library Ferret
[03Aug2025 01:19:43.992] [modloading-worker-0/INFO] [com.jtorleonstudios.libraryferret.LibraryFerret/]: Initialized mod Library Ferret
[03Aug2025 01:19:44.109] [modloading-worker-0/INFO] [net.minecraftforge.common.ForgeMod/FORGEMOD]: Forge mod loading, version 47.3.7, for MC 1.20.1 with MCP 20230612.114412
[03Aug2025 01:19:44.111] [modloading-worker-0/INFO] [net.minecraftforge.common.MinecraftForge/FORGE]: MinecraftForge v47.3.7 Initialized
[03Aug2025 01:19:44.263] [modloading-worker-0/INFO] [necronomicon/]: Necronomicon Initialized
[03Aug2025 01:19:44.264] [modloading-worker-0/INFO] [necronomicon/]: File exists, reading config for elocindev.necronomicon.NecronomiconConfig.
[03Aug2025 01:19:44.266] [modloading-worker-0/INFO] [necronomicon/]: Config for elocindev.necronomicon.NecronomiconConfig read successfully.
[03Aug2025 01:19:44.273] [modloading-worker-0/INFO] [necronomicon/]: there is a brick about to fall through your roof at terminal velocity
[03Aug2025 01:19:44.513] [modloading-worker-0/INFO] [com.simibubi.create.Create/]: Create 6.0.6 initializing! Commit hash: 338bfa0aec952fa51656e8f61bd621ca9b3b2e00
[03Aug2025 01:19:44.606] [modloading-worker-0/INFO] [Collective/]: Loading Collective version 8.3.
[03Aug2025 01:19:44.644] [modloading-worker-0/INFO] [com.jtorleonstudios.libraryferret.LibraryFerret/]: Welcome! /workspaces/mcfabric1/servidor_minecraft/config/bettervillage_1.properties created and initialized with default value
[03Aug2025 01:19:44.660] [modloading-worker-0/INFO] [coroutil/]: forge loader environment detected
[03Aug2025 01:19:44.691] [modloading-worker-0/INFO] [dev.architectury.networking.forge.NetworkManagerImpl/]: Registering C2S receiver with id architectury:sync_ids
[03Aug2025 01:19:44.692] [modloading-worker-0/INFO] [dev.architectury.networking.forge.NetworkManagerImpl/]: Registering C2S receiver with id ftblibrary:edit_nbt_response
[03Aug2025 01:19:44.702] [modloading-worker-0/WARN] [net.minecraftforge.common.ForgeConfigSpec/CORE]: Configuration file /workspaces/mcfabric1/servidor_minecraft/config/appleskin-client.toml is not correct. Correcting
[03Aug2025 01:19:44.705] [modloading-worker-0/WARN] [net.minecraftforge.common.ForgeConfigSpec/CORE]: Incorrect key client was corrected from null to its default, SimpleCommentedConfig:{}. 
[03Aug2025 01:19:44.705] [modloading-worker-0/WARN] [net.minecraftforge.common.ForgeConfigSpec/CORE]: Incorrect key client.showFoodValuesInTooltip was corrected from null to its default, true. 
[03Aug2025 01:19:44.705] [modloading-worker-0/WARN] [net.minecraftforge.common.ForgeConfigSpec/CORE]: Incorrect key client.showFoodValuesInTooltipAlways was corrected from null to its default, true. 
[03Aug2025 01:19:44.706] [modloading-worker-0/WARN] [net.minecraftforge.common.ForgeConfigSpec/CORE]: Incorrect key client.showSaturationHudOverlay was corrected from null to its default, true. 
[03Aug2025 01:19:44.706] [modloading-worker-0/WARN] [net.minecraftforge.common.ForgeConfigSpec/CORE]: Incorrect key client.showFoodValuesHudOverlay was corrected from null to its default, true. 
[03Aug2025 01:19:44.706] [modloading-worker-0/WARN] [net.minecraftforge.common.ForgeConfigSpec/CORE]: Incorrect key client.showFoodValuesHudOverlayWhenOffhand was corrected from null to its default, true. 
[03Aug2025 01:19:44.706] [modloading-worker-0/WARN] [net.minecraftforge.common.ForgeConfigSpec/CORE]: Incorrect key client.showFoodExhaustionHudUnderlay was corrected from null to its default, true. 
[03Aug2025 01:19:44.706] [modloading-worker-0/WARN] [net.minecraftforge.common.ForgeConfigSpec/CORE]: Incorrect key client.showFoodStatsInDebugOverlay was corrected from null to its default, true. 
[03Aug2025 01:19:44.706] [modloading-worker-0/WARN] [net.minecraftforge.common.ForgeConfigSpec/CORE]: Incorrect key client.showFoodHealthHudOverlay was corrected from null to its default, true. 
[03Aug2025 01:19:44.706] [modloading-worker-0/WARN] [net.minecraftforge.common.ForgeConfigSpec/CORE]: Incorrect key client.showVanillaAnimationsOverlay was corrected from null to its default, true. 
[03Aug2025 01:19:44.710] [modloading-worker-0/WARN] [net.minecraftforge.common.ForgeConfigSpec/CORE]: Incorrect key client.maxHudOverlayFlashAlpha was corrected from null to its default, 0.65. 
[03Aug2025 01:19:44.715] [modloading-worker-0/WARN] [net.minecraftforge.common.ForgeConfigSpec/CORE]: Configuration file /workspaces/mcfabric1/servidor_minecraft/config/lootr-common.toml is not correct. Correcting
[03Aug2025 01:19:44.717] [modloading-worker-0/WARN] [net.minecraftforge.common.ForgeConfigSpec/CORE]: Incorrect key randomise_seed was corrected from null to its default, true. 
[03Aug2025 01:19:44.718] [modloading-worker-0/WARN] [net.minecraftforge.common.ForgeConfigSpec/CORE]: Incorrect key max_age was corrected from null to its default, 18000. 
[03Aug2025 01:19:44.718] [modloading-worker-0/WARN] [net.minecraftforge.common.ForgeConfigSpec/CORE]: Incorrect key disable was corrected from null to its default, false. 
[03Aug2025 01:19:44.719] [modloading-worker-0/WARN] [net.minecraftforge.common.ForgeConfigSpec/CORE]: Incorrect key convert_mineshafts was corrected from null to its default, true. 
[03Aug2025 01:19:44.723] [modloading-worker-0/WARN] [net.minecraftforge.common.ForgeConfigSpec/CORE]: Incorrect key convert_elytras was corrected from null to its default, true. 
[03Aug2025 01:19:44.724] [modloading-worker-0/WARN] [net.minecraftforge.common.ForgeConfigSpec/CORE]: Incorrect key convert_wooden_chests was corrected from null to its default, true. 
[03Aug2025 01:19:44.725] [modloading-worker-0/WARN] [net.minecraftforge.common.ForgeConfigSpec/CORE]: Incorrect key convert_trapped_chests was corrected from null to its default, true. 
[03Aug2025 01:19:44.726] [modloading-worker-0/WARN] [net.minecraftforge.common.ForgeConfigSpec/CORE]: Incorrect key report_unresolved_tables was corrected from null to its default, false. 
[03Aug2025 01:19:44.727] [modloading-worker-0/WARN] [net.minecraftforge.common.ForgeConfigSpec/CORE]: Incorrect key additional_chests was corrected from null to its default, []. 
[03Aug2025 01:19:44.729] [modloading-worker-0/WARN] [net.minecraftforge.common.ForgeConfigSpec/CORE]: Incorrect key additional_trapped_chests was corrected from null to its default, []. 
[03Aug2025 01:19:44.732] [modloading-worker-0/WARN] [net.minecraftforge.common.ForgeConfigSpec/CORE]: Incorrect key dimension_whitelist was corrected from null to its default, []. 
[03Aug2025 01:19:44.734] [modloading-worker-0/WARN] [net.minecraftforge.common.ForgeConfigSpec/CORE]: Incorrect key dimension_blacklist was corrected from null to its default, []. 
[03Aug2025 01:19:44.735] [modloading-worker-0/WARN] [net.minecraftforge.common.ForgeConfigSpec/CORE]: Incorrect key modid_dimension_blacklist was corrected from null to its default, []. 
[03Aug2025 01:19:44.738] [modloading-worker-0/WARN] [net.minecraftforge.common.ForgeConfigSpec/CORE]: Incorrect key modid_dimension_whitelist was corrected from null to its default, []. 
[03Aug2025 01:19:44.741] [modloading-worker-0/WARN] [net.minecraftforge.common.ForgeConfigSpec/CORE]: Incorrect key loot_table_blacklist was corrected from null to its default, []. 
[03Aug2025 01:19:44.742] [modloading-worker-0/WARN] [net.minecraftforge.common.ForgeConfigSpec/CORE]: Incorrect key loot_modid_blacklist was corrected from null to its default, []. 
[03Aug2025 01:19:44.742] [modloading-worker-0/WARN] [net.minecraftforge.common.ForgeConfigSpec/CORE]: Incorrect key disable_break was corrected from null to its default, false. 
[03Aug2025 01:19:44.749] [modloading-worker-0/WARN] [net.minecraftforge.common.ForgeConfigSpec/CORE]: Incorrect key enable_break was corrected from null to its default, false. 
[03Aug2025 01:19:44.750] [modloading-worker-0/WARN] [net.minecraftforge.common.ForgeConfigSpec/CORE]: Incorrect key check_world_border was corrected from null to its default, false. 
[03Aug2025 01:19:44.752] [modloading-worker-0/WARN] [net.minecraftforge.common.ForgeConfigSpec/CORE]: Incorrect key enable_fake_player_break was corrected from null to its default, false. 
[03Aug2025 01:19:44.753] [modloading-worker-0/WARN] [net.minecraftforge.common.ForgeConfigSpec/CORE]: Incorrect key power_comparators was corrected from null to its default, true. 
[03Aug2025 01:19:44.754] [modloading-worker-0/WARN] [net.minecraftforge.common.ForgeConfigSpec/CORE]: Incorrect key trapped_custom was corrected from null to its default, false. 
[03Aug2025 01:19:44.755] [modloading-worker-0/WARN] [net.minecraftforge.common.ForgeConfigSpec/CORE]: Incorrect key blast_resistant was corrected from null to its default, false. 
[03Aug2025 01:19:44.757] [modloading-worker-0/WARN] [net.minecraftforge.common.ForgeConfigSpec/CORE]: Incorrect key blast_immune was corrected from null to its default, false. 
[03Aug2025 01:19:44.758] [modloading-worker-0/WARN] [net.minecraftforge.common.ForgeConfigSpec/CORE]: Incorrect key disable_notifications was corrected from null to its default, false. 
[03Aug2025 01:19:44.761] [modloading-worker-0/WARN] [net.minecraftforge.common.ForgeConfigSpec/CORE]: Incorrect key notification_delay was corrected from null to its default, 600. 
[03Aug2025 01:19:44.763] [modloading-worker-0/WARN] [net.minecraftforge.common.ForgeConfigSpec/CORE]: Incorrect key disable_message_styles was corrected from null to its default, false. 
[03Aug2025 01:19:44.765] [modloading-worker-0/WARN] [net.minecraftforge.common.ForgeConfigSpec/CORE]: Incorrect key decay_value was corrected from null to its default, 6000. 
[03Aug2025 01:19:44.766] [modloading-worker-0/WARN] [net.minecraftforge.common.ForgeConfigSpec/CORE]: Incorrect key decay_loot_tables was corrected from null to its default, []. 
[03Aug2025 01:19:44.769] [modloading-worker-0/WARN] [net.minecraftforge.common.ForgeConfigSpec/CORE]: Incorrect key decay_modids was corrected from null to its default, []. 
[03Aug2025 01:19:44.770] [modloading-worker-0/WARN] [net.minecraftforge.common.ForgeConfigSpec/CORE]: Incorrect key decay_dimensions was corrected from null to its default, []. 
[03Aug2025 01:19:44.771] [modloading-worker-0/WARN] [com.cupboard.Cupboard/]: Config cupboard.json not found, recreating default
[03Aug2025 01:19:44.772] [modloading-worker-0/INFO] [com.cupboard.Cupboard/]: Loaded config for: cupboard.json
[03Aug2025 01:19:44.774] [modloading-worker-0/WARN] [net.minecraftforge.common.ForgeConfigSpec/CORE]: Incorrect key decay_structures was corrected from null to its default, []. 
[03Aug2025 01:19:44.776] [modloading-worker-0/WARN] [net.minecraftforge.common.ForgeConfigSpec/CORE]: Incorrect key decay_all was corrected from null to its default, false. 
[03Aug2025 01:19:44.779] [modloading-worker-0/WARN] [net.minecraftforge.common.ForgeConfigSpec/CORE]: Incorrect key refresh_value was corrected from null to its default, 24000. 
[03Aug2025 01:19:44.782] [modloading-worker-0/WARN] [net.minecraftforge.common.ForgeConfigSpec/CORE]: Incorrect key refresh_loot_tables was corrected from null to its default, []. 
[03Aug2025 01:19:44.786] [modloading-worker-0/WARN] [net.minecraftforge.common.ForgeConfigSpec/CORE]: Incorrect key refresh_modids was corrected from null to its default, []. 
[03Aug2025 01:19:44.790] [modloading-worker-0/WARN] [net.minecraftforge.common.ForgeConfigSpec/CORE]: Incorrect key refresh_dimensions was corrected from null to its default, []. 
[03Aug2025 01:19:44.792] [modloading-worker-0/WARN] [net.minecraftforge.common.ForgeConfigSpec/CORE]: Incorrect key refresh_structures was corrected from null to its default, []. 
[03Aug2025 01:19:44.795] [modloading-worker-0/WARN] [net.minecraftforge.common.ForgeConfigSpec/CORE]: Incorrect key refresh_all was corrected from null to its default, false. 
[03Aug2025 01:19:44.797] [modloading-worker-0/WARN] [net.minecraftforge.common.ForgeConfigSpec/CORE]: Configuration file /workspaces/mcfabric1/servidor_minecraft/config/lootr-client.toml is not correct. Correcting
[03Aug2025 01:19:44.798] [modloading-worker-0/WARN] [net.minecraftforge.common.ForgeConfigSpec/CORE]: Incorrect key vanilla_textures was corrected from null to its default, false. 
[03Aug2025 01:19:44.799] [modloading-worker-0/WARN] [net.minecraftforge.common.ForgeConfigSpec/CORE]: Incorrect key old_textures was corrected from null to its default, false. 
[03Aug2025 01:19:48.462] [main/WARN] [net.minecraftforge.common.ForgeConfigSpec/CORE]: Configuration file /workspaces/mcfabric1/servidor_minecraft/config/sophisticatedcore-common.toml is not correct. Correcting
[03Aug2025 01:19:48.462] [main/WARN] [net.minecraftforge.common.ForgeConfigSpec/CORE]: Incorrect key common was corrected from null to its default, SimpleCommentedConfig:{}. 
[03Aug2025 01:19:48.462] [main/WARN] [net.minecraftforge.common.ForgeConfigSpec/CORE]: Incorrect key common.enabledItems was corrected from null to its default, []. 
[03Aug2025 01:19:48.464] [main/WARN] [net.minecraftforge.common.ForgeConfigSpec/CORE]: Configuration file /workspaces/mcfabric1/servidor_minecraft/config/modernfix-common.toml is not correct. Correcting
[03Aug2025 01:19:48.464] [main/WARN] [net.minecraftforge.common.ForgeConfigSpec/CORE]: Incorrect key blacklist_async_jei_plugins was corrected from null to its default, [jepb:jei_plugin]. 
[03Aug2025 01:19:48.465] [main/WARN] [net.minecraftforge.common.ForgeConfigSpec/CORE]: Configuration file /workspaces/mcfabric1/servidor_minecraft/config/carryon-common.toml is not correct. Correcting
[03Aug2025 01:19:48.466] [main/WARN] [net.minecraftforge.common.ForgeConfigSpec/CORE]: Incorrect key settings was corrected from null to its default, SimpleCommentedConfig:{}. 
[03Aug2025 01:19:48.466] [main/WARN] [net.minecraftforge.common.ForgeConfigSpec/CORE]: Incorrect key settings.maxDistance was corrected from null to its default, 2.5. 
[03Aug2025 01:19:48.466] [main/WARN] [net.minecraftforge.common.ForgeConfigSpec/CORE]: Incorrect key settings.maxEntityWidth was corrected from null to its default, 1.5. 
[03Aug2025 01:19:48.466] [main/WARN] [net.minecraftforge.common.ForgeConfigSpec/CORE]: Incorrect key settings.maxEntityHeight was corrected from null to its default, 2.5. 
[03Aug2025 01:19:48.467] [main/WARN] [net.minecraftforge.common.ForgeConfigSpec/CORE]: Incorrect key settings.blockSlownessMultiplier was corrected from null to its default, 1.0. 
[03Aug2025 01:19:48.467] [main/WARN] [net.minecraftforge.common.ForgeConfigSpec/CORE]: Incorrect key settings.entitySlownessMultiplier was corrected from null to its default, 1.0. 
[03Aug2025 01:19:48.467] [main/WARN] [net.minecraftforge.common.ForgeConfigSpec/CORE]: Incorrect key settings.maxEntityStackLimit was corrected from null to its default, 10. 
[03Aug2025 01:19:48.467] [main/WARN] [net.minecraftforge.common.ForgeConfigSpec/CORE]: Incorrect key settings.heavyTiles was corrected from null to its default, true. 
[03Aug2025 01:19:48.467] [main/WARN] [net.minecraftforge.common.ForgeConfigSpec/CORE]: Incorrect key settings.pickupAllBlocks was corrected from null to its default, false. 
[03Aug2025 01:19:48.467] [main/WARN] [net.minecraftforge.common.ForgeConfigSpec/CORE]: Incorrect key settings.slownessInCreative was corrected from null to its default, true. 
[03Aug2025 01:19:48.468] [main/WARN] [net.minecraftforge.common.ForgeConfigSpec/CORE]: Incorrect key settings.pickupHostileMobs was corrected from null to its default, false. 
[03Aug2025 01:19:48.468] [main/WARN] [net.minecraftforge.common.ForgeConfigSpec/CORE]: Incorrect key settings.heavyEntities was corrected from null to its default, true. 
[03Aug2025 01:19:48.468] [main/WARN] [net.minecraftforge.common.ForgeConfigSpec/CORE]: Incorrect key settings.allowBabies was corrected from null to its default, false. 
[03Aug2025 01:19:48.468] [main/WARN] [net.minecraftforge.common.ForgeConfigSpec/CORE]: Incorrect key settings.useWhitelistBlocks was corrected from null to its default, false. 
[03Aug2025 01:19:48.468] [main/WARN] [net.minecraftforge.common.ForgeConfigSpec/CORE]: Incorrect key settings.useWhitelistEntities was corrected from null to its default, false. 
[03Aug2025 01:19:48.469] [main/WARN] [net.minecraftforge.common.ForgeConfigSpec/CORE]: Incorrect key settings.useWhitelistStacking was corrected from null to its default, false. 
[03Aug2025 01:19:48.469] [main/WARN] [net.minecraftforge.common.ForgeConfigSpec/CORE]: Incorrect key settings.hitWhileCarrying was corrected from null to its default, false. 
[03Aug2025 01:19:48.469] [main/WARN] [net.minecraftforge.common.ForgeConfigSpec/CORE]: Incorrect key settings.dropCarriedWhenHit was corrected from null to its default, false. 
[03Aug2025 01:19:48.470] [main/WARN] [net.minecraftforge.common.ForgeConfigSpec/CORE]: Incorrect key settings.useScripts was corrected from null to its default, false. 
[03Aug2025 01:19:48.470] [main/WARN] [net.minecraftforge.common.ForgeConfigSpec/CORE]: Incorrect key settings.stackableEntities was corrected from null to its default, true. 
[03Aug2025 01:19:48.470] [main/WARN] [net.minecraftforge.common.ForgeConfigSpec/CORE]: Incorrect key settings.entitySizeMattersStacking was corrected from null to its default, true. 
[03Aug2025 01:19:48.470] [main/WARN] [net.minecraftforge.common.ForgeConfigSpec/CORE]: Incorrect key settings.placementStateExceptions was corrected from null to its default, [minecraft:chest[type], minecraft:stone_button[face], minecraft:vine[north,east,south,west,up], minecraft:creeper_head[rotation], minecraft:glow_lichen[north,east,south,west,up,down], minecraft:oak_sign[rotation], minecraft:oak_trapdoor[half]]. 
[03Aug2025 01:19:48.470] [main/WARN] [net.minecraftforge.common.ForgeConfigSpec/CORE]: Incorrect key settings.pickupPlayers was corrected from null to its default, true. 
[03Aug2025 01:19:48.471] [main/WARN] [net.minecraftforge.common.ForgeConfigSpec/CORE]: Incorrect key settings.pickupUnbreakableBlocks was corrected from null to its default, false. 
[03Aug2025 01:19:48.471] [main/WARN] [net.minecraftforge.common.ForgeConfigSpec/CORE]: Incorrect key whitelist was corrected from null to its default, SimpleCommentedConfig:{}. 
[03Aug2025 01:19:48.471] [main/WARN] [net.minecraftforge.common.ForgeConfigSpec/CORE]: Incorrect key whitelist.allowedEntities was corrected from null to its default, []. 
[03Aug2025 01:19:48.472] [main/WARN] [net.minecraftforge.common.ForgeConfigSpec/CORE]: Incorrect key whitelist.allowedBlocks was corrected from null to its default, []. 
[03Aug2025 01:19:48.472] [main/WARN] [net.minecraftforge.common.ForgeConfigSpec/CORE]: Incorrect key whitelist.allowedStacking was corrected from null to its default, []. 
[03Aug2025 01:19:48.472] [main/WARN] [net.minecraftforge.common.ForgeConfigSpec/CORE]: Incorrect key blacklist was corrected from null to its default, SimpleCommentedConfig:{}. 
[03Aug2025 01:19:48.473] [main/WARN] [net.minecraftforge.common.ForgeConfigSpec/CORE]: Incorrect key blacklist.forbiddenTiles was corrected from null to its default, [#forge:immovable, #forge:relocation_not_supported, minecraft:end_portal, minecraft:piston_head, minecraft:end_gateway, minecraft:tall_grass, minecraft:large_fern, minecraft:peony, minecraft:rose_bush, minecraft:lilac, minecraft:sunflower, minecraft:*_bed, minecraft:*_door, minecraft:big_dripleaf_stem, minecraft:waterlily, minecraft:cake, minecraft:nether_portal, minecraft:tall_seagrass, animania:block_trough, animania:block_invisiblock, colossalchests:*, ic2:*, bigreactors:*, forestry:*, tconstruct:*, rustic:*, botania:*, astralsorcery:*, quark:colored_bed_*, immersiveengineering:*, embers:block_furnace, embers:ember_bore, embers:ember_activator, embers:mixer, embers:heat_coil, embers:large_tank, embers:crystal_cell, embers:alchemy_pedestal, embers:boiler, embers:combustor, embers:catalzyer, embers:field_chart, embers:inferno_forge, storagedrawers:framingtable, skyresources:*, lootbags:*, exsartagine:*, aquamunda:tank, opencomputers:*, malisisdoors:*, industrialforegoing:*, minecolonies:*, thaumcraft:pillar*, thaumcraft:infernal_furnace, thaumcraft:placeholder*, thaumcraft:infusion_matrix, thaumcraft:golem_builder, thaumcraft:thaumatorium*, magneticraft:oil_heater, magneticraft:solar_panel, magneticraft:steam_engine, magneticraft:shelving_unit, magneticraft:grinder, magneticraft:sieve, magneticraft:solar_tower, magneticraft:solar_mirror, magneticraft:container, magneticraft:pumpjack, magneticraft:solar_panel, magneticraft:refinery, magneticraft:oil_heater, magneticraft:hydraulic_press, magneticraft:multiblock_gap, refinedstorage:*, mcmultipart:*, enderstorage:*, betterstorage:*, practicallogistics2:*, wearablebackpacks:*, rftools:screen, rftools:creative_screen, create:*, magic_doorknob:*, iceandfire:*, ftbquests:*, waystones:*, contact:*, framedblocks:*, securitycraft:*, forgemultipartcbe:*, integrateddynamics:cable, mekanismgenerators:wind_generator, cookingforblockheads:cabinet, cookingforblockheads:corner, cookingforblockheads:counter, cookingforblockheads:oven, cookingforblockheads:toaster, cookingforblockheads:milk_jar, cookingforblockheads:cow_jar, cookingforblockheads:fruit_basket, cookingforblockheads:cooking_table, cookingforblockheads:fridge, cookingforblockheads:sink, powah:*, advancementtrophies:trophy, mekanismgenerators:heat_generator, mna:filler_block]. 
[03Aug2025 01:19:48.473] [main/WARN] [net.minecraftforge.common.ForgeConfigSpec/CORE]: Incorrect key blacklist.forbiddenEntities was corrected from null to its default, [minecraft:end_crystal, minecraft:ender_dragon, minecraft:ghast, minecraft:shulker, minecraft:leash_knot, minecraft:armor_stand, minecraft:item_frame, minecraft:painting, minecraft:shulker_bullet, animania:hamster, animania:ferret*, animania:hedgehog*, animania:cart, animania:wagon, mynko:*, pixelmon:*, mocreatures:*, quark:totem, vehicle:*, securitycraft:*, taterzens:npc, easy_npc:*, bodiesbodies:dead_body]. 
[03Aug2025 01:19:48.473] [main/WARN] [net.minecraftforge.common.ForgeConfigSpec/CORE]: Incorrect key blacklist.forbiddenStacking was corrected from null to its default, [minecraft:horse]. 
[03Aug2025 01:19:48.474] [main/WARN] [net.minecraftforge.common.ForgeConfigSpec/CORE]: Incorrect key customPickupConditions was corrected from null to its default, SimpleCommentedConfig:{}. 
[03Aug2025 01:19:48.475] [main/WARN] [net.minecraftforge.common.ForgeConfigSpec/CORE]: Incorrect key customPickupConditions.customPickupConditionsBlocks was corrected from null to its default, []. 
[03Aug2025 01:19:48.475] [main/WARN] [net.minecraftforge.common.ForgeConfigSpec/CORE]: Incorrect key customPickupConditions.customPickupConditionsEntities was corrected from null to its default, []. 
[03Aug2025 01:19:48.536] [main/WARN] [net.minecraftforge.common.ForgeConfigSpec/CORE]: Configuration file /workspaces/mcfabric1/servidor_minecraft/config/sophisticatedbackpacks-common.toml is not correct. Correcting
[03Aug2025 01:19:48.537] [main/WARN] [net.minecraftforge.common.ForgeConfigSpec/CORE]: Incorrect key common was corrected from null to its default, SimpleCommentedConfig:{}. 
[03Aug2025 01:19:48.537] [main/WARN] [net.minecraftforge.common.ForgeConfigSpec/CORE]: Incorrect key common.chestLootEnabled was corrected from null to its default, true. 
[03Aug2025 01:19:48.538] [main/WARN] [net.minecraftforge.common.ForgeConfigSpec/CORE]: Configuration file /workspaces/mcfabric1/servidor_minecraft/config/mowziesmobs-common.toml is not correct. Correcting
[03Aug2025 01:19:48.538] [main/WARN] [net.minecraftforge.common.ForgeConfigSpec/CORE]: Incorrect key tools_and_abilities was corrected from null to its default, SimpleCommentedConfig:{}. 
[03Aug2025 01:19:48.538] [main/WARN] [net.minecraftforge.common.ForgeConfigSpec/CORE]: Incorrect key tools_and_abilities.suns_blessing was corrected from null to its default, SimpleCommentedConfig:{}. 
[03Aug2025 01:19:48.539] [main/WARN] [net.minecraftforge.common.ForgeConfigSpec/CORE]: Incorrect key tools_and_abilities.suns_blessing.suns_blessing_duration was corrected from null to its default, 60. 
[03Aug2025 01:19:48.539] [main/WARN] [net.minecraftforge.common.ForgeConfigSpec/CORE]: Incorrect key tools_and_abilities.suns_blessing.suns_blessing_attack_multiplier was corrected from null to its default, 1.0. 
[03Aug2025 01:19:48.539] [main/WARN] [net.minecraftforge.common.ForgeConfigSpec/CORE]: Incorrect key tools_and_abilities.suns_blessing.solar_beam_cost was corrected from null to its default, 5. 
[03Aug2025 01:19:48.539] [main/WARN] [net.minecraftforge.common.ForgeConfigSpec/CORE]: Incorrect key tools_and_abilities.supernova_cost was corrected from null to its default, 60. 
[03Aug2025 01:19:48.539] [main/WARN] [net.minecraftforge.common.ForgeConfigSpec/CORE]: Incorrect key tools_and_abilities.wrought_helm was corrected from null to its default, SimpleCommentedConfig:{}. 
[03Aug2025 01:19:48.539] [main/WARN] [net.minecraftforge.common.ForgeConfigSpec/CORE]: Incorrect key tools_and_abilities.wrought_helm.armor_config was corrected from null to its default, SimpleCommentedConfig:{}. 
[03Aug2025 01:19:48.539] [main/WARN] [net.minecraftforge.common.ForgeConfigSpec/CORE]: Incorrect key tools_and_abilities.wrought_helm.armor_config.damage_reduction_multiplier was corrected from null to its default, 1.0. 
[03Aug2025 01:19:48.539] [main/WARN] [net.minecraftforge.common.ForgeConfigSpec/CORE]: Incorrect key tools_and_abilities.wrought_helm.armor_config.toughness_multiplier was corrected from null to its default, 1.0. 
[03Aug2025 01:19:48.539] [main/WARN] [net.minecraftforge.common.ForgeConfigSpec/CORE]: Incorrect key tools_and_abilities.wrought_helm.breakable was corrected from null to its default, false. 
[03Aug2025 01:19:48.539] [main/WARN] [net.minecraftforge.common.ForgeConfigSpec/CORE]: Incorrect key tools_and_abilities.axe_of_a_thousand_metals was corrected from null to its default, SimpleCommentedConfig:{}. 
[03Aug2025 01:19:48.540] [main/WARN] [net.minecraftforge.common.ForgeConfigSpec/CORE]: Incorrect key tools_and_abilities.axe_of_a_thousand_metals.tool_config was corrected from null to its default, SimpleCommentedConfig:{}. 
[03Aug2025 01:19:48.540] [main/WARN] [net.minecraftforge.common.ForgeConfigSpec/CORE]: Incorrect key tools_and_abilities.axe_of_a_thousand_metals.tool_config.attack_damage was corrected from null to its default, 9.0. 
[03Aug2025 01:19:48.540] [main/WARN] [net.minecraftforge.common.ForgeConfigSpec/CORE]: Incorrect key tools_and_abilities.axe_of_a_thousand_metals.tool_config.attack_speed was corrected from null to its default, 0.8999999761581421. 
[03Aug2025 01:19:48.540] [main/WARN] [net.minecraftforge.common.ForgeConfigSpec/CORE]: Incorrect key tools_and_abilities.axe_of_a_thousand_metals.breakable was corrected from null to its default, false. 
[03Aug2025 01:19:48.540] [main/WARN] [net.minecraftforge.common.ForgeConfigSpec/CORE]: Incorrect key tools_and_abilities.sol_visage was corrected from null to its default, SimpleCommentedConfig:{}. 
[03Aug2025 01:19:48.540] [main/WARN] [net.minecraftforge.common.ForgeConfigSpec/CORE]: Incorrect key tools_and_abilities.sol_visage.armor_config was corrected from null to its default, SimpleCommentedConfig:{}. 
[03Aug2025 01:19:48.540] [main/WARN] [net.minecraftforge.common.ForgeConfigSpec/CORE]: Incorrect key tools_and_abilities.sol_visage.armor_config.damage_reduction_multiplier was corrected from null to its default, 1.0. 
[03Aug2025 01:19:48.540] [main/WARN] [net.minecraftforge.common.ForgeConfigSpec/CORE]: Incorrect key tools_and_abilities.sol_visage.armor_config.toughness_multiplier was corrected from null to its default, 1.0. 
[03Aug2025 01:19:48.540] [main/WARN] [net.minecraftforge.common.ForgeConfigSpec/CORE]: Incorrect key tools_and_abilities.sol_visage.breakable was corrected from null to its default, false. 
[03Aug2025 01:19:48.540] [main/WARN] [net.minecraftforge.common.ForgeConfigSpec/CORE]: Incorrect key tools_and_abilities.sol_visage.max_followers was corrected from null to its default, 10. 
[03Aug2025 01:19:48.541] [main/WARN] [net.minecraftforge.common.ForgeConfigSpec/CORE]: Incorrect key tools_and_abilities.ice_crystal was corrected from null to its default, SimpleCommentedConfig:{}. 
[03Aug2025 01:19:48.541] [main/WARN] [net.minecraftforge.common.ForgeConfigSpec/CORE]: Incorrect key tools_and_abilities.ice_crystal.attack_multiplier was corrected from null to its default, 1.0. 
[03Aug2025 01:19:48.541] [main/WARN] [net.minecraftforge.common.ForgeConfigSpec/CORE]: Incorrect key tools_and_abilities.ice_crystal.breakable was corrected from null to its default, false. 
[03Aug2025 01:19:48.541] [main/WARN] [net.minecraftforge.common.ForgeConfigSpec/CORE]: Incorrect key tools_and_abilities.ice_crystal.durability was corrected from null to its default, 600. 
[03Aug2025 01:19:48.541] [main/WARN] [net.minecraftforge.common.ForgeConfigSpec/CORE]: Incorrect key tools_and_abilities.ice_crystal.freeze_duration was corrected from null to its default, 50. 
[03Aug2025 01:19:48.541] [main/WARN] [net.minecraftforge.common.ForgeConfigSpec/CORE]: Incorrect key tools_and_abilities.umvuthana_mask was corrected from null to its default, SimpleCommentedConfig:{}. 
[03Aug2025 01:19:48.541] [main/WARN] [net.minecraftforge.common.ForgeConfigSpec/CORE]: Incorrect key tools_and_abilities.umvuthana_mask.armor_config was corrected from null to its default, SimpleCommentedConfig:{}. 
[03Aug2025 01:19:48.541] [main/WARN] [net.minecraftforge.common.ForgeConfigSpec/CORE]: Incorrect key tools_and_abilities.umvuthana_mask.armor_config.damage_reduction_multiplier was corrected from null to its default, 1.0. 
[03Aug2025 01:19:48.541] [main/WARN] [net.minecraftforge.common.ForgeConfigSpec/CORE]: Incorrect key tools_and_abilities.umvuthana_mask.armor_config.toughness_multiplier was corrected from null to its default, 1.0. 
[03Aug2025 01:19:48.542] [main/WARN] [net.minecraftforge.common.ForgeConfigSpec/CORE]: Incorrect key tools_and_abilities.geomancerArmor was corrected from null to its default, SimpleCommentedConfig:{}. 
[03Aug2025 01:19:48.542] [main/WARN] [net.minecraftforge.common.ForgeConfigSpec/CORE]: Incorrect key tools_and_abilities.geomancerArmor.armor_config was corrected from null to its default, SimpleCommentedConfig:{}. 
[03Aug2025 01:19:48.542] [main/WARN] [net.minecraftforge.common.ForgeConfigSpec/CORE]: Incorrect key tools_and_abilities.geomancerArmor.armor_config.damage_reduction_multiplier was corrected from null to its default, 1.0. 
[03Aug2025 01:19:48.542] [main/WARN] [net.minecraftforge.common.ForgeConfigSpec/CORE]: Incorrect key tools_and_abilities.geomancerArmor.armor_config.toughness_multiplier was corrected from null to its default, 1.0. 
[03Aug2025 01:19:48.542] [main/WARN] [net.minecraftforge.common.ForgeConfigSpec/CORE]: Incorrect key tools_and_abilities.spear was corrected from null to its default, SimpleCommentedConfig:{}. 
[03Aug2025 01:19:48.542] [main/WARN] [net.minecraftforge.common.ForgeConfigSpec/CORE]: Incorrect key tools_and_abilities.spear.tool_config was corrected from null to its default, SimpleCommentedConfig:{}. 
[03Aug2025 01:19:48.542] [main/WARN] [net.minecraftforge.common.ForgeConfigSpec/CORE]: Incorrect key tools_and_abilities.spear.tool_config.attack_damage was corrected from null to its default, 5.0. 
[03Aug2025 01:19:48.542] [main/WARN] [net.minecraftforge.common.ForgeConfigSpec/CORE]: Incorrect key tools_and_abilities.spear.tool_config.attack_speed was corrected from null to its default, 1.600000023841858. 
[03Aug2025 01:19:48.543] [main/WARN] [net.minecraftforge.common.ForgeConfigSpec/CORE]: Incorrect key tools_and_abilities.naga_fang_dagger was corrected from null to its default, SimpleCommentedConfig:{}. 
[03Aug2025 01:19:48.543] [main/WARN] [net.minecraftforge.common.ForgeConfigSpec/CORE]: Incorrect key tools_and_abilities.naga_fang_dagger.tool_config was corrected from null to its default, SimpleCommentedConfig:{}. 
[03Aug2025 01:19:48.543] [main/WARN] [net.minecraftforge.common.ForgeConfigSpec/CORE]: Incorrect key tools_and_abilities.naga_fang_dagger.tool_config.attack_damage was corrected from null to its default, 3.0. 
[03Aug2025 01:19:48.543] [main/WARN] [net.minecraftforge.common.ForgeConfigSpec/CORE]: Incorrect key tools_and_abilities.naga_fang_dagger.tool_config.attack_speed was corrected from null to its default, 2.0. 
[03Aug2025 01:19:48.543] [main/WARN] [net.minecraftforge.common.ForgeConfigSpec/CORE]: Incorrect key tools_and_abilities.naga_fang_dagger.poison_duration was corrected from null to its default, 40. 
[03Aug2025 01:19:48.543] [main/WARN] [net.minecraftforge.common.ForgeConfigSpec/CORE]: Incorrect key tools_and_abilities.naga_fang_dagger.backstab_damage_mult was corrected from null to its default, 2.0. 
[03Aug2025 01:19:48.543] [main/WARN] [net.minecraftforge.common.ForgeConfigSpec/CORE]: Incorrect key tools_and_abilities.blowgun was corrected from null to its default, SimpleCommentedConfig:{}. 
[03Aug2025 01:19:48.543] [main/WARN] [net.minecraftforge.common.ForgeConfigSpec/CORE]: Incorrect key tools_and_abilities.blowgun.poison_duration was corrected from null to its default, 40. 
[03Aug2025 01:19:48.543] [main/WARN] [net.minecraftforge.common.ForgeConfigSpec/CORE]: Incorrect key tools_and_abilities.blowgun.attack_damage was corrected from null to its default, 1.0. 
[03Aug2025 01:19:48.544] [main/WARN] [net.minecraftforge.common.ForgeConfigSpec/CORE]: Incorrect key tools_and_abilities.earthrend_gauntlet was corrected from null to its default, SimpleCommentedConfig:{}. 
[03Aug2025 01:19:48.544] [main/WARN] [net.minecraftforge.common.ForgeConfigSpec/CORE]: Incorrect key tools_and_abilities.earthrend_gauntlet.attack_multiplier was corrected from null to its default, 1.0. 
[03Aug2025 01:19:48.544] [main/WARN] [net.minecraftforge.common.ForgeConfigSpec/CORE]: Incorrect key tools_and_abilities.earthrend_gauntlet.breakable was corrected from null to its default, false. 
[03Aug2025 01:19:48.544] [main/WARN] [net.minecraftforge.common.ForgeConfigSpec/CORE]: Incorrect key tools_and_abilities.earthrend_gauntlet.durability was corrected from null to its default, 400. 
[03Aug2025 01:19:48.544] [main/WARN] [net.minecraftforge.common.ForgeConfigSpec/CORE]: Incorrect key tools_and_abilities.earthrend_gauntlet.enable_tunneling was corrected from null to its default, true. 
[03Aug2025 01:19:48.544] [main/WARN] [net.minecraftforge.common.ForgeConfigSpec/CORE]: Incorrect key tools_and_abilities.earthrend_gauntlet.tool_config was corrected from null to its default, SimpleCommentedConfig:{}. 
[03Aug2025 01:19:48.544] [main/WARN] [net.minecraftforge.common.ForgeConfigSpec/CORE]: Incorrect key tools_and_abilities.earthrend_gauntlet.tool_config.attack_damage was corrected from null to its default, 6.0. 
[03Aug2025 01:19:48.544] [main/WARN] [net.minecraftforge.common.ForgeConfigSpec/CORE]: Incorrect key tools_and_abilities.earthrend_gauntlet.tool_config.attack_speed was corrected from null to its default, 1.2000000476837158. 
[03Aug2025 01:19:48.544] [main/WARN] [net.minecraftforge.common.ForgeConfigSpec/CORE]: Incorrect key tools_and_abilities.sculptor_staff was corrected from null to its default, SimpleCommentedConfig:{}. 
[03Aug2025 01:19:48.544] [main/WARN] [net.minecraftforge.common.ForgeConfigSpec/CORE]: Incorrect key tools_and_abilities.sculptor_staff.tool_config was corrected from null to its default, SimpleCommentedConfig:{}. 
[03Aug2025 01:19:48.545] [main/WARN] [net.minecraftforge.common.ForgeConfigSpec/CORE]: Incorrect key tools_and_abilities.sculptor_staff.tool_config.attack_damage was corrected from null to its default, 3.0. 
[03Aug2025 01:19:48.545] [main/WARN] [net.minecraftforge.common.ForgeConfigSpec/CORE]: Incorrect key tools_and_abilities.sculptor_staff.tool_config.attack_speed was corrected from null to its default, 1.0. 
[03Aug2025 01:19:48.545] [main/WARN] [net.minecraftforge.common.ForgeConfigSpec/CORE]: Incorrect key tools_and_abilities.sculptor_staff.attack_multiplier was corrected from null to its default, 1.0. 
[03Aug2025 01:19:48.546] [main/WARN] [net.minecraftforge.common.ForgeConfigSpec/CORE]: Incorrect key mobs was corrected from null to its default, SimpleCommentedConfig:{}. 
[03Aug2025 01:19:48.546] [main/WARN] [net.minecraftforge.common.ForgeConfigSpec/CORE]: Incorrect key mobs.frostmaw was corrected from null to its default, SimpleCommentedConfig:{}. 
[03Aug2025 01:19:48.546] [main/WARN] [net.minecraftforge.common.ForgeConfigSpec/CORE]: Incorrect key mobs.frostmaw.biome_config was corrected from null to its default, SimpleCommentedConfig:{}. 
[03Aug2025 01:19:48.546] [main/WARN] [net.minecraftforge.common.ForgeConfigSpec/CORE]: Incorrect key mobs.frostmaw.biome_config.biome_tags was corrected from null to its default, [forge:is_snowy,!minecraft:is_ocean,!minecraft:is_river,!minecraft:is_beach,!minecraft:is_forest,!minecraft:is_taiga]. 
[03Aug2025 01:19:48.546] [main/WARN] [net.minecraftforge.common.ForgeConfigSpec/CORE]: Incorrect key mobs.frostmaw.biome_config.biome_whitelist was corrected from null to its default, []. 
[03Aug2025 01:19:48.546] [main/WARN] [net.minecraftforge.common.ForgeConfigSpec/CORE]: Incorrect key mobs.frostmaw.biome_config.biome_blacklist was corrected from null to its default, []. 
[03Aug2025 01:19:48.547] [main/WARN] [net.minecraftforge.common.ForgeConfigSpec/CORE]: Incorrect key mobs.frostmaw.generation_config was corrected from null to its default, SimpleCommentedConfig:{}. 
[03Aug2025 01:19:48.547] [main/WARN] [net.minecraftforge.common.ForgeConfigSpec/CORE]: Incorrect key mobs.frostmaw.generation_config.generation_distance was corrected from null to its default, 25. 
[03Aug2025 01:19:48.547] [main/WARN] [net.minecraftforge.common.ForgeConfigSpec/CORE]: Incorrect key mobs.frostmaw.generation_config.generation_separation was corrected from null to its default, 8. 
[03Aug2025 01:19:48.547] [main/WARN] [net.minecraftforge.common.ForgeConfigSpec/CORE]: Incorrect key mobs.frostmaw.generation_config.height_max was corrected from null to its default, 100.0. 
[03Aug2025 01:19:48.547] [main/WARN] [net.minecraftforge.common.ForgeConfigSpec/CORE]: Incorrect key mobs.frostmaw.generation_config.height_min was corrected from null to its default, 50.0. 
[03Aug2025 01:19:48.547] [main/WARN] [net.minecraftforge.common.ForgeConfigSpec/CORE]: Incorrect key mobs.frostmaw.generation_config.avoid_structures was corrected from null to its default, [minecraft:villages, minecraft:pillager_outposts]. 
[03Aug2025 01:19:48.547] [main/WARN] [net.minecraftforge.common.ForgeConfigSpec/CORE]: Incorrect key mobs.frostmaw.combat_config was corrected from null to its default, SimpleCommentedConfig:{}. 
[03Aug2025 01:19:48.548] [main/WARN] [net.minecraftforge.common.ForgeConfigSpec/CORE]: Incorrect key mobs.frostmaw.combat_config.health_multiplier was corrected from null to its default, 1.0. 
[03Aug2025 01:19:48.548] [main/WARN] [net.minecraftforge.common.ForgeConfigSpec/CORE]: Incorrect key mobs.frostmaw.combat_config.attack_multiplier was corrected from null to its default, 1.0. 
[03Aug2025 01:19:48.548] [main/WARN] [net.minecraftforge.common.ForgeConfigSpec/CORE]: Incorrect key mobs.frostmaw.has_boss_bar was corrected from null to its default, true. 
[03Aug2025 01:19:48.548] [main/WARN] [net.minecraftforge.common.ForgeConfigSpec/CORE]: Incorrect key mobs.frostmaw.heals_out_of_battle was corrected from null to its default, true. 
[03Aug2025 01:19:48.548] [main/WARN] [net.minecraftforge.common.ForgeConfigSpec/CORE]: Incorrect key mobs.frostmaw.stealable_ice_crystal was corrected from null to its default, true. 
[03Aug2025 01:19:48.548] [main/WARN] [net.minecraftforge.common.ForgeConfigSpec/CORE]: Incorrect key mobs.frostmaw.reset_health_when_respawn was corrected from null to its default, true. 
[03Aug2025 01:19:48.548] [main/WARN] [net.minecraftforge.common.ForgeConfigSpec/CORE]: Incorrect key mobs.umvuthi was corrected from null to its default, SimpleCommentedConfig:{}. 
[03Aug2025 01:19:48.548] [main/WARN] [net.minecraftforge.common.ForgeConfigSpec/CORE]: Incorrect key mobs.umvuthi.biome_config was corrected from null to its default, SimpleCommentedConfig:{}. 
[03Aug2025 01:19:48.548] [main/WARN] [net.minecraftforge.common.ForgeConfigSpec/CORE]: Incorrect key mobs.umvuthi.biome_config.biome_tags was corrected from null to its default, [minecraft:is_savanna]. 
[03Aug2025 01:19:48.549] [main/WARN] [net.minecraftforge.common.ForgeConfigSpec/CORE]: Incorrect key mobs.umvuthi.biome_config.biome_whitelist was corrected from null to its default, []. 
[03Aug2025 01:19:48.549] [main/WARN] [net.minecraftforge.common.ForgeConfigSpec/CORE]: Incorrect key mobs.umvuthi.biome_config.biome_blacklist was corrected from null to its default, []. 
[03Aug2025 01:19:48.549] [main/WARN] [net.minecraftforge.common.ForgeConfigSpec/CORE]: Incorrect key mobs.umvuthi.generation_config was corrected from null to its default, SimpleCommentedConfig:{}. 
[03Aug2025 01:19:48.549] [main/WARN] [net.minecraftforge.common.ForgeConfigSpec/CORE]: Incorrect key mobs.umvuthi.generation_config.generation_distance was corrected from null to its default, 25. 
[03Aug2025 01:19:48.549] [main/WARN] [net.minecraftforge.common.ForgeConfigSpec/CORE]: Incorrect key mobs.umvuthi.generation_config.generation_separation was corrected from null to its default, 8. 
[03Aug2025 01:19:48.549] [main/WARN] [net.minecraftforge.common.ForgeConfigSpec/CORE]: Incorrect key mobs.umvuthi.generation_config.height_max was corrected from null to its default, 100.0. 
[03Aug2025 01:19:48.549] [main/WARN] [net.minecraftforge.common.ForgeConfigSpec/CORE]: Incorrect key mobs.umvuthi.generation_config.height_min was corrected from null to its default, 50.0. 
[03Aug2025 01:19:48.549] [main/WARN] [net.minecraftforge.common.ForgeConfigSpec/CORE]: Incorrect key mobs.umvuthi.generation_config.avoid_structures was corrected from null to its default, [minecraft:villages, minecraft:pillager_outposts]. 
[03Aug2025 01:19:48.549] [main/WARN] [net.minecraftforge.common.ForgeConfigSpec/CORE]: Incorrect key mobs.umvuthi.combat_config was corrected from null to its default, SimpleCommentedConfig:{}. 
[03Aug2025 01:19:48.549] [main/WARN] [net.minecraftforge.common.ForgeConfigSpec/CORE]: Incorrect key mobs.umvuthi.combat_config.health_multiplier was corrected from null to its default, 1.0. 
[03Aug2025 01:19:48.550] [main/WARN] [net.minecraftforge.common.ForgeConfigSpec/CORE]: Incorrect key mobs.umvuthi.combat_config.attack_multiplier was corrected from null to its default, 1.0. 
[03Aug2025 01:19:48.550] [main/WARN] [net.minecraftforge.common.ForgeConfigSpec/CORE]: Incorrect key mobs.umvuthi.has_boss_bar was corrected from null to its default, true. 
[03Aug2025 01:19:48.550] [main/WARN] [net.minecraftforge.common.ForgeConfigSpec/CORE]: Incorrect key mobs.umvuthi.heals_out_of_battle was corrected from null to its default, true. 
[03Aug2025 01:19:48.550] [main/WARN] [net.minecraftforge.common.ForgeConfigSpec/CORE]: Incorrect key mobs.umvuthi.trade_which_item was corrected from null to its default, minecraft:gold_block. 
[03Aug2025 01:19:48.550] [main/WARN] [net.minecraftforge.common.ForgeConfigSpec/CORE]: Incorrect key mobs.umvuthi.trade_how_many was corrected from null to its default, 7. 
[03Aug2025 01:19:48.550] [main/WARN] [net.minecraftforge.common.ForgeConfigSpec/CORE]: Incorrect key mobs.umvuthi.reset_health_when_respawn was corrected from null to its default, true. 
[03Aug2025 01:19:48.550] [main/WARN] [net.minecraftforge.common.ForgeConfigSpec/CORE]: Incorrect key mobs.ferrous_wroughtnaut was corrected from null to its default, SimpleCommentedConfig:{}. 
[03Aug2025 01:19:48.550] [main/WARN] [net.minecraftforge.common.ForgeConfigSpec/CORE]: Incorrect key mobs.ferrous_wroughtnaut.biome_config was corrected from null to its default, SimpleCommentedConfig:{}. 
[03Aug2025 01:19:48.551] [main/WARN] [net.minecraftforge.common.ForgeConfigSpec/CORE]: Incorrect key mobs.ferrous_wroughtnaut.biome_config.biome_tags was corrected from null to its default, [!minecraft:is_ocean]. 
[03Aug2025 01:19:48.551] [main/WARN] [net.minecraftforge.common.ForgeConfigSpec/CORE]: Incorrect key mobs.ferrous_wroughtnaut.biome_config.biome_whitelist was corrected from null to its default, []. 
[03Aug2025 01:19:48.551] [main/WARN] [net.minecraftforge.common.ForgeConfigSpec/CORE]: Incorrect key mobs.ferrous_wroughtnaut.biome_config.biome_blacklist was corrected from null to its default, []. 
[03Aug2025 01:19:48.551] [main/WARN] [net.minecraftforge.common.ForgeConfigSpec/CORE]: Incorrect key mobs.ferrous_wroughtnaut.generation_config was corrected from null to its default, SimpleCommentedConfig:{}. 
[03Aug2025 01:19:48.551] [main/WARN] [net.minecraftforge.common.ForgeConfigSpec/CORE]: Incorrect key mobs.ferrous_wroughtnaut.generation_config.generation_distance was corrected from null to its default, 15. 
[03Aug2025 01:19:48.551] [main/WARN] [net.minecraftforge.common.ForgeConfigSpec/CORE]: Incorrect key mobs.ferrous_wroughtnaut.generation_config.generation_separation was corrected from null to its default, 5. 
[03Aug2025 01:19:48.551] [main/WARN] [net.minecraftforge.common.ForgeConfigSpec/CORE]: Incorrect key mobs.ferrous_wroughtnaut.generation_config.height_max was corrected from null to its default, 50.0. 
[03Aug2025 01:19:48.551] [main/WARN] [net.minecraftforge.common.ForgeConfigSpec/CORE]: Incorrect key mobs.ferrous_wroughtnaut.generation_config.height_min was corrected from null to its default, 20.0. 
[03Aug2025 01:19:48.551] [main/WARN] [net.minecraftforge.common.ForgeConfigSpec/CORE]: Incorrect key mobs.ferrous_wroughtnaut.generation_config.avoid_structures was corrected from null to its default, []. 
[03Aug2025 01:19:48.551] [main/WARN] [net.minecraftforge.common.ForgeConfigSpec/CORE]: Incorrect key mobs.ferrous_wroughtnaut.combat_config was corrected from null to its default, SimpleCommentedConfig:{}. 
[03Aug2025 01:19:48.552] [main/WARN] [net.minecraftforge.common.ForgeConfigSpec/CORE]: Incorrect key mobs.ferrous_wroughtnaut.combat_config.health_multiplier was corrected from null to its default, 1.0. 
[03Aug2025 01:19:48.552] [main/WARN] [net.minecraftforge.common.ForgeConfigSpec/CORE]: Incorrect key mobs.ferrous_wroughtnaut.combat_config.attack_multiplier was corrected from null to its default, 1.0. 
[03Aug2025 01:19:48.552] [main/WARN] [net.minecraftforge.common.ForgeConfigSpec/CORE]: Incorrect key mobs.ferrous_wroughtnaut.has_boss_bar was corrected from null to its default, true. 
[03Aug2025 01:19:48.552] [main/WARN] [net.minecraftforge.common.ForgeConfigSpec/CORE]: Incorrect key mobs.ferrous_wroughtnaut.heals_out_of_battle was corrected from null to its default, true. 
[03Aug2025 01:19:48.552] [main/WARN] [net.minecraftforge.common.ForgeConfigSpec/CORE]: Incorrect key mobs.ferrous_wroughtnaut.reset_health_when_respawn was corrected from null to its default, true. 
[03Aug2025 01:19:48.552] [main/WARN] [net.minecraftforge.common.ForgeConfigSpec/CORE]: Incorrect key mobs.sculptor was corrected from null to its default, SimpleCommentedConfig:{}. 
[03Aug2025 01:19:48.552] [main/WARN] [net.minecraftforge.common.ForgeConfigSpec/CORE]: Incorrect key mobs.sculptor.biome_config was corrected from null to its default, SimpleCommentedConfig:{}. 
[03Aug2025 01:19:48.552] [main/WARN] [net.minecraftforge.common.ForgeConfigSpec/CORE]: Incorrect key mobs.sculptor.biome_config.biome_tags was corrected from null to its default, [forge:is_peak]. 
[03Aug2025 01:19:48.552] [main/WARN] [net.minecraftforge.common.ForgeConfigSpec/CORE]: Incorrect key mobs.sculptor.biome_config.biome_whitelist was corrected from null to its default, []. 
[03Aug2025 01:19:48.552] [main/WARN] [net.minecraftforge.common.ForgeConfigSpec/CORE]: Incorrect key mobs.sculptor.biome_config.biome_blacklist was corrected from null to its default, []. 
[03Aug2025 01:19:48.552] [main/WARN] [net.minecraftforge.common.ForgeConfigSpec/CORE]: Incorrect key mobs.sculptor.generation_config was corrected from null to its default, SimpleCommentedConfig:{}. 
[03Aug2025 01:19:48.552] [main/WARN] [net.minecraftforge.common.ForgeConfigSpec/CORE]: Incorrect key mobs.sculptor.generation_config.generation_distance was corrected from null to its default, 25. 
[03Aug2025 01:19:48.553] [main/WARN] [net.minecraftforge.common.ForgeConfigSpec/CORE]: Incorrect key mobs.sculptor.generation_config.generation_separation was corrected from null to its default, 8. 
[03Aug2025 01:19:48.553] [main/WARN] [net.minecraftforge.common.ForgeConfigSpec/CORE]: Incorrect key mobs.sculptor.generation_config.height_max was corrected from null to its default, 200.0. 
[03Aug2025 01:19:48.553] [main/WARN] [net.minecraftforge.common.ForgeConfigSpec/CORE]: Incorrect key mobs.sculptor.generation_config.height_min was corrected from null to its default, 120.0. 
[03Aug2025 01:19:48.553] [main/WARN] [net.minecraftforge.common.ForgeConfigSpec/CORE]: Incorrect key mobs.sculptor.generation_config.avoid_structures was corrected from null to its default, []. 
[03Aug2025 01:19:48.553] [main/WARN] [net.minecraftforge.common.ForgeConfigSpec/CORE]: Incorrect key mobs.sculptor.combat_config was corrected from null to its default, SimpleCommentedConfig:{}. 
[03Aug2025 01:19:48.553] [main/WARN] [net.minecraftforge.common.ForgeConfigSpec/CORE]: Incorrect key mobs.sculptor.combat_config.health_multiplier was corrected from null to its default, 1.0. 
[03Aug2025 01:19:48.553] [main/WARN] [net.minecraftforge.common.ForgeConfigSpec/CORE]: Incorrect key mobs.sculptor.combat_config.attack_multiplier was corrected from null to its default, 1.0. 
[03Aug2025 01:19:48.553] [main/WARN] [net.minecraftforge.common.ForgeConfigSpec/CORE]: Incorrect key mobs.sculptor.test_height was corrected from null to its default, 60. 
[03Aug2025 01:19:48.553] [main/WARN] [net.minecraftforge.common.ForgeConfigSpec/CORE]: Incorrect key mobs.sculptor.test_time_limit was corrected from null to its default, 400. 
[03Aug2025 01:19:48.553] [main/WARN] [net.minecraftforge.common.ForgeConfigSpec/CORE]: Incorrect key mobs.sculptor.heals_out_of_battle was corrected from null to its default, true. 
[03Aug2025 01:19:48.553] [main/WARN] [net.minecraftforge.common.ForgeConfigSpec/CORE]: Incorrect key mobs.sculptor.has_boss_bar was corrected from null to its default, true. 
[03Aug2025 01:19:48.554] [main/WARN] [net.minecraftforge.common.ForgeConfigSpec/CORE]: Incorrect key mobs.sculptor.trade_which_item was corrected from null to its default, mowziesmobs:bluff_rod. 
[03Aug2025 01:19:48.554] [main/WARN] [net.minecraftforge.common.ForgeConfigSpec/CORE]: Incorrect key mobs.sculptor.trade_how_many was corrected from null to its default, 1. 
[03Aug2025 01:19:48.554] [main/WARN] [net.minecraftforge.common.ForgeConfigSpec/CORE]: Incorrect key mobs.sculptor.disappear_after_reward was corrected from null to its default, true. 
[03Aug2025 01:19:48.554] [main/WARN] [net.minecraftforge.common.ForgeConfigSpec/CORE]: Incorrect key mobs.grottol was corrected from null to its default, SimpleCommentedConfig:{}. 
[03Aug2025 01:19:48.554] [main/WARN] [net.minecraftforge.common.ForgeConfigSpec/CORE]: Incorrect key mobs.grottol.biome_config was corrected from null to its default, SimpleCommentedConfig:{}. 
[03Aug2025 01:19:48.554] [main/WARN] [net.minecraftforge.common.ForgeConfigSpec/CORE]: Incorrect key mobs.grottol.biome_config.biome_tags was corrected from null to its default, [!forge:is_mushroom]. 
[03Aug2025 01:19:48.554] [main/WARN] [net.minecraftforge.common.ForgeConfigSpec/CORE]: Incorrect key mobs.grottol.biome_config.biome_whitelist was corrected from null to its default, []. 
[03Aug2025 01:19:48.554] [main/WARN] [net.minecraftforge.common.ForgeConfigSpec/CORE]: Incorrect key mobs.grottol.biome_config.biome_blacklist was corrected from null to its default, []. 
[03Aug2025 01:19:48.555] [main/WARN] [net.minecraftforge.common.ForgeConfigSpec/CORE]: Incorrect key mobs.grottol.spawn_config was corrected from null to its default, SimpleCommentedConfig:{}. 
[03Aug2025 01:19:48.555] [main/WARN] [net.minecraftforge.common.ForgeConfigSpec/CORE]: Incorrect key mobs.grottol.spawn_config.spawn_rate was corrected from null to its default, 2. 
[03Aug2025 01:19:48.555] [main/WARN] [net.minecraftforge.common.ForgeConfigSpec/CORE]: Incorrect key mobs.grottol.spawn_config.min_group_size was corrected from null to its default, 1. 
[03Aug2025 01:19:48.555] [main/WARN] [net.minecraftforge.common.ForgeConfigSpec/CORE]: Incorrect key mobs.grottol.spawn_config.max_group_size was corrected from null to its default, 1. 
[03Aug2025 01:19:48.555] [main/WARN] [net.minecraftforge.common.ForgeConfigSpec/CORE]: Incorrect key mobs.grottol.spawn_config.extra_rarity was corrected from null to its default, 1.0. 
[03Aug2025 01:19:48.555] [main/WARN] [net.minecraftforge.common.ForgeConfigSpec/CORE]: Incorrect key mobs.grottol.spawn_config.dimensions was corrected from null to its default, [minecraft:overworld]. 
[03Aug2025 01:19:48.555] [main/WARN] [net.minecraftforge.common.ForgeConfigSpec/CORE]: Incorrect key mobs.grottol.spawn_config.allowed_blocks was corrected from null to its default, []. 
[03Aug2025 01:19:48.555] [main/WARN] [net.minecraftforge.common.ForgeConfigSpec/CORE]: Incorrect key mobs.grottol.spawn_config.allowed_block_tags was corrected from null to its default, [minecraft:base_stone_overworld]. 
[03Aug2025 01:19:48.556] [main/WARN] [net.minecraftforge.common.ForgeConfigSpec/CORE]: Incorrect key mobs.grottol.spawn_config.height_max was corrected from null to its default, 16. 
[03Aug2025 01:19:48.556] [main/WARN] [net.minecraftforge.common.ForgeConfigSpec/CORE]: Incorrect key mobs.grottol.spawn_config.height_min was corrected from null to its default, -65. 
[03Aug2025 01:19:48.556] [main/WARN] [net.minecraftforge.common.ForgeConfigSpec/CORE]: Incorrect key mobs.grottol.spawn_config.needs_darkness was corrected from null to its default, true. 
[03Aug2025 01:19:48.556] [main/WARN] [net.minecraftforge.common.ForgeConfigSpec/CORE]: Incorrect key mobs.grottol.spawn_config.needs_see_sky was corrected from null to its default, false. 
[03Aug2025 01:19:48.556] [main/WARN] [net.minecraftforge.common.ForgeConfigSpec/CORE]: Incorrect key mobs.grottol.spawn_config.needs_cant_see_sky was corrected from null to its default, true. 
[03Aug2025 01:19:48.556] [main/WARN] [net.minecraftforge.common.ForgeConfigSpec/CORE]: Incorrect key mobs.grottol.spawn_config.avoid_structures was corrected from null to its default, []. 
[03Aug2025 01:19:48.557] [main/WARN] [net.minecraftforge.common.ForgeConfigSpec/CORE]: Incorrect key mobs.grottol.combat_config was corrected from null to its default, SimpleCommentedConfig:{}. 
[03Aug2025 01:19:48.557] [main/WARN] [net.minecraftforge.common.ForgeConfigSpec/CORE]: Incorrect key mobs.grottol.combat_config.health_multiplier was corrected from null to its default, 1.0. 
[03Aug2025 01:19:48.557] [main/WARN] [net.minecraftforge.common.ForgeConfigSpec/CORE]: Incorrect key mobs.grottol.combat_config.attack_multiplier was corrected from null to its default, 1.0. 
[03Aug2025 01:19:48.557] [main/WARN] [net.minecraftforge.common.ForgeConfigSpec/CORE]: Incorrect key mobs.lantern was corrected from null to its default, SimpleCommentedConfig:{}. 
[03Aug2025 01:19:48.557] [main/WARN] [net.minecraftforge.common.ForgeConfigSpec/CORE]: Incorrect key mobs.lantern.biome_config was corrected from null to its default, SimpleCommentedConfig:{}. 
[03Aug2025 01:19:48.557] [main/WARN] [net.minecraftforge.common.ForgeConfigSpec/CORE]: Incorrect key mobs.lantern.biome_config.biome_tags was corrected from null to its default, [minecraft:is_forest,mowziesmobs:is_magical,!forge:is_snowy]. 
[03Aug2025 01:19:48.557] [main/WARN] [net.minecraftforge.common.ForgeConfigSpec/CORE]: Incorrect key mobs.lantern.biome_config.biome_whitelist was corrected from null to its default, []. 
[03Aug2025 01:19:48.557] [main/WARN] [net.minecraftforge.common.ForgeConfigSpec/CORE]: Incorrect key mobs.lantern.biome_config.biome_blacklist was corrected from null to its default, []. 
[03Aug2025 01:19:48.557] [main/WARN] [net.minecraftforge.common.ForgeConfigSpec/CORE]: Incorrect key mobs.lantern.spawn_config was corrected from null to its default, SimpleCommentedConfig:{}. 
[03Aug2025 01:19:48.558] [main/WARN] [net.minecraftforge.common.ForgeConfigSpec/CORE]: Incorrect key mobs.lantern.spawn_config.spawn_rate was corrected from null to its default, 5. 
[03Aug2025 01:19:48.558] [main/WARN] [net.minecraftforge.common.ForgeConfigSpec/CORE]: Incorrect key mobs.lantern.spawn_config.min_group_size was corrected from null to its default, 2. 
[03Aug2025 01:19:48.558] [main/WARN] [net.minecraftforge.common.ForgeConfigSpec/CORE]: Incorrect key mobs.lantern.spawn_config.max_group_size was corrected from null to its default, 4. 
[03Aug2025 01:19:48.558] [main/WARN] [net.minecraftforge.common.ForgeConfigSpec/CORE]: Incorrect key mobs.lantern.spawn_config.extra_rarity was corrected from null to its default, 1.0. 
[03Aug2025 01:19:48.558] [main/WARN] [net.minecraftforge.common.ForgeConfigSpec/CORE]: Incorrect key mobs.lantern.spawn_config.dimensions was corrected from null to its default, [minecraft:overworld]. 
[03Aug2025 01:19:48.558] [main/WARN] [net.minecraftforge.common.ForgeConfigSpec/CORE]: Incorrect key mobs.lantern.spawn_config.allowed_blocks was corrected from null to its default, []. 
[03Aug2025 01:19:48.558] [main/WARN] [net.minecraftforge.common.ForgeConfigSpec/CORE]: Incorrect key mobs.lantern.spawn_config.allowed_block_tags was corrected from null to its default, [minecraft:animals_spawnable_on, minecraft:leaves, minecraft:logs]. 
[03Aug2025 01:19:48.558] [main/WARN] [net.minecraftforge.common.ForgeConfigSpec/CORE]: Incorrect key mobs.lantern.spawn_config.height_max was corrected from null to its default, -65. 
[03Aug2025 01:19:48.558] [main/WARN] [net.minecraftforge.common.ForgeConfigSpec/CORE]: Incorrect key mobs.lantern.spawn_config.height_min was corrected from null to its default, 60. 
[03Aug2025 01:19:48.559] [main/WARN] [net.minecraftforge.common.ForgeConfigSpec/CORE]: Incorrect key mobs.lantern.spawn_config.needs_darkness was corrected from null to its default, true. 
[03Aug2025 01:19:48.559] [main/WARN] [net.minecraftforge.common.ForgeConfigSpec/CORE]: Incorrect key mobs.lantern.spawn_config.needs_see_sky was corrected from null to its default, false. 
[03Aug2025 01:19:48.559] [main/WARN] [net.minecraftforge.common.ForgeConfigSpec/CORE]: Incorrect key mobs.lantern.spawn_config.needs_cant_see_sky was corrected from null to its default, false. 
[03Aug2025 01:19:48.559] [main/WARN] [net.minecraftforge.common.ForgeConfigSpec/CORE]: Incorrect key mobs.lantern.spawn_config.avoid_structures was corrected from null to its default, []. 
[03Aug2025 01:19:48.559] [main/WARN] [net.minecraftforge.common.ForgeConfigSpec/CORE]: Incorrect key mobs.lantern.combat_config was corrected from null to its default, SimpleCommentedConfig:{}. 
[03Aug2025 01:19:48.560] [main/WARN] [net.minecraftforge.common.ForgeConfigSpec/CORE]: Incorrect key mobs.lantern.combat_config.health_multiplier was corrected from null to its default, 1.0. 
[03Aug2025 01:19:48.560] [main/WARN] [net.minecraftforge.common.ForgeConfigSpec/CORE]: Incorrect key mobs.lantern.combat_config.attack_multiplier was corrected from null to its default, 1.0. 
[03Aug2025 01:19:48.560] [main/WARN] [net.minecraftforge.common.ForgeConfigSpec/CORE]: Incorrect key mobs.umvuthana was corrected from null to its default, SimpleCommentedConfig:{}. 
[03Aug2025 01:19:48.560] [main/WARN] [net.minecraftforge.common.ForgeConfigSpec/CORE]: Incorrect key mobs.umvuthana.biome_config was corrected from null to its default, SimpleCommentedConfig:{}. 
[03Aug2025 01:19:48.560] [main/WARN] [net.minecraftforge.common.ForgeConfigSpec/CORE]: Incorrect key mobs.umvuthana.biome_config.biome_tags was corrected from null to its default, [minecraft:is_savanna]. 
[03Aug2025 01:19:48.560] [main/WARN] [net.minecraftforge.common.ForgeConfigSpec/CORE]: Incorrect key mobs.umvuthana.biome_config.biome_whitelist was corrected from null to its default, []. 
[03Aug2025 01:19:48.561] [main/WARN] [net.minecraftforge.common.ForgeConfigSpec/CORE]: Incorrect key mobs.umvuthana.biome_config.biome_blacklist was corrected from null to its default, []. 
[03Aug2025 01:19:48.561] [main/WARN] [net.minecraftforge.common.ForgeConfigSpec/CORE]: Incorrect key mobs.umvuthana.spawn_config was corrected from null to its default, SimpleCommentedConfig:{}. 
[03Aug2025 01:19:48.561] [main/WARN] [net.minecraftforge.common.ForgeConfigSpec/CORE]: Incorrect key mobs.umvuthana.spawn_config.spawn_rate was corrected from null to its default, 5. 
[03Aug2025 01:19:48.561] [main/WARN] [net.minecraftforge.common.ForgeConfigSpec/CORE]: Incorrect key mobs.umvuthana.spawn_config.min_group_size was corrected from null to its default, 1. 
[03Aug2025 01:19:48.561] [main/WARN] [net.minecraftforge.common.ForgeConfigSpec/CORE]: Incorrect key mobs.umvuthana.spawn_config.max_group_size was corrected from null to its default, 1. 
[03Aug2025 01:19:48.562] [main/WARN] [net.minecraftforge.common.ForgeConfigSpec/CORE]: Incorrect key mobs.umvuthana.spawn_config.extra_rarity was corrected from null to its default, 1.0. 
[03Aug2025 01:19:48.562] [main/WARN] [net.minecraftforge.common.ForgeConfigSpec/CORE]: Incorrect key mobs.umvuthana.spawn_config.dimensions was corrected from null to its default, [minecraft:overworld]. 
[03Aug2025 01:19:48.562] [main/WARN] [net.minecraftforge.common.ForgeConfigSpec/CORE]: Incorrect key mobs.umvuthana.spawn_config.allowed_blocks was corrected from null to its default, []. 
[03Aug2025 01:19:48.562] [main/WARN] [net.minecraftforge.common.ForgeConfigSpec/CORE]: Incorrect key mobs.umvuthana.spawn_config.allowed_block_tags was corrected from null to its default, [minecraft:animals_spawnable_on, minecraft:sand]. 
[03Aug2025 01:19:48.562] [main/WARN] [net.minecraftforge.common.ForgeConfigSpec/CORE]: Incorrect key mobs.umvuthana.spawn_config.height_max was corrected from null to its default, -65. 
[03Aug2025 01:19:48.562] [main/WARN] [net.minecraftforge.common.ForgeConfigSpec/CORE]: Incorrect key mobs.umvuthana.spawn_config.height_min was corrected from null to its default, 60. 
[03Aug2025 01:19:48.563] [main/WARN] [net.minecraftforge.common.ForgeConfigSpec/CORE]: Incorrect key mobs.umvuthana.spawn_config.needs_darkness was corrected from null to its default, false. 
[03Aug2025 01:19:48.563] [main/WARN] [net.minecraftforge.common.ForgeConfigSpec/CORE]: Incorrect key mobs.umvuthana.spawn_config.needs_see_sky was corrected from null to its default, false. 
[03Aug2025 01:19:48.563] [main/WARN] [net.minecraftforge.common.ForgeConfigSpec/CORE]: Incorrect key mobs.umvuthana.spawn_config.needs_cant_see_sky was corrected from null to its default, false. 
[03Aug2025 01:19:48.563] [main/WARN] [net.minecraftforge.common.ForgeConfigSpec/CORE]: Incorrect key mobs.umvuthana.spawn_config.avoid_structures was corrected from null to its default, [minecraft:villages, minecraft:pillager_outposts, mowziesmobs:umvuthana_groves]. 
[03Aug2025 01:19:48.563] [main/WARN] [net.minecraftforge.common.ForgeConfigSpec/CORE]: Incorrect key mobs.umvuthana.combat_config was corrected from null to its default, SimpleCommentedConfig:{}. 
[03Aug2025 01:19:48.563] [main/WARN] [net.minecraftforge.common.ForgeConfigSpec/CORE]: Incorrect key mobs.umvuthana.combat_config.health_multiplier was corrected from null to its default, 1.0. 
[03Aug2025 01:19:48.564] [main/WARN] [net.minecraftforge.common.ForgeConfigSpec/CORE]: Incorrect key mobs.umvuthana.combat_config.attack_multiplier was corrected from null to its default, 1.0. 
[03Aug2025 01:19:48.564] [main/WARN] [net.minecraftforge.common.ForgeConfigSpec/CORE]: Incorrect key mobs.naga was corrected from null to its default, SimpleCommentedConfig:{}. 
[03Aug2025 01:19:48.564] [main/WARN] [net.minecraftforge.common.ForgeConfigSpec/CORE]: Incorrect key mobs.naga.biome_config was corrected from null to its default, SimpleCommentedConfig:{}. 
[03Aug2025 01:19:48.564] [main/WARN] [net.minecraftforge.common.ForgeConfigSpec/CORE]: Incorrect key mobs.naga.biome_config.biome_tags was corrected from null to its default, [minecraft:is_beach,minecraft:is_mountain, minecraft:is_beach,minecraft:is_hill]. 
[03Aug2025 01:19:48.564] [main/WARN] [net.minecraftforge.common.ForgeConfigSpec/CORE]: Incorrect key mobs.naga.biome_config.biome_whitelist was corrected from null to its default, [minecraft:stony_shore]. 
[03Aug2025 01:19:48.564] [main/WARN] [net.minecraftforge.common.ForgeConfigSpec/CORE]: Incorrect key mobs.naga.biome_config.biome_blacklist was corrected from null to its default, []. 
[03Aug2025 01:19:48.565] [main/WARN] [net.minecraftforge.common.ForgeConfigSpec/CORE]: Incorrect key mobs.naga.spawn_config was corrected from null to its default, SimpleCommentedConfig:{}. 
[03Aug2025 01:19:48.565] [main/WARN] [net.minecraftforge.common.ForgeConfigSpec/CORE]: Incorrect key mobs.naga.spawn_config.spawn_rate was corrected from null to its default, 20. 
[03Aug2025 01:19:48.565] [main/WARN] [net.minecraftforge.common.ForgeConfigSpec/CORE]: Incorrect key mobs.naga.spawn_config.min_group_size was corrected from null to its default, 1. 
[03Aug2025 01:19:48.565] [main/WARN] [net.minecraftforge.common.ForgeConfigSpec/CORE]: Incorrect key mobs.naga.spawn_config.max_group_size was corrected from null to its default, 2. 
[03Aug2025 01:19:48.565] [main/WARN] [net.minecraftforge.common.ForgeConfigSpec/CORE]: Incorrect key mobs.naga.spawn_config.extra_rarity was corrected from null to its default, 1.0. 
[03Aug2025 01:19:48.565] [main/WARN] [net.minecraftforge.common.ForgeConfigSpec/CORE]: Incorrect key mobs.naga.spawn_config.dimensions was corrected from null to its default, [minecraft:overworld]. 
[03Aug2025 01:19:48.566] [main/WARN] [net.minecraftforge.common.ForgeConfigSpec/CORE]: Incorrect key mobs.naga.spawn_config.allowed_blocks was corrected from null to its default, []. 
[03Aug2025 01:19:48.566] [main/WARN] [net.minecraftforge.common.ForgeConfigSpec/CORE]: Incorrect key mobs.naga.spawn_config.allowed_block_tags was corrected from null to its default, [minecraft:animals_spawnable_on, minecraft:base_stone_overworld]. 
[03Aug2025 01:19:48.566] [main/WARN] [net.minecraftforge.common.ForgeConfigSpec/CORE]: Incorrect key mobs.naga.spawn_config.height_max was corrected from null to its default, -65. 
[03Aug2025 01:19:48.566] [main/WARN] [net.minecraftforge.common.ForgeConfigSpec/CORE]: Incorrect key mobs.naga.spawn_config.height_min was corrected from null to its default, 68. 
[03Aug2025 01:19:48.566] [main/WARN] [net.minecraftforge.common.ForgeConfigSpec/CORE]: Incorrect key mobs.naga.spawn_config.needs_darkness was corrected from null to its default, true. 
[03Aug2025 01:19:48.566] [main/WARN] [net.minecraftforge.common.ForgeConfigSpec/CORE]: Incorrect key mobs.naga.spawn_config.needs_see_sky was corrected from null to its default, true. 
[03Aug2025 01:19:48.567] [main/WARN] [net.minecraftforge.common.ForgeConfigSpec/CORE]: Incorrect key mobs.naga.spawn_config.needs_cant_see_sky was corrected from null to its default, false. 
[03Aug2025 01:19:48.567] [main/WARN] [net.minecraftforge.common.ForgeConfigSpec/CORE]: Incorrect key mobs.naga.spawn_config.avoid_structures was corrected from null to its default, [minecraft:villages, minecraft:pillager_outposts]. 
[03Aug2025 01:19:48.567] [main/WARN] [net.minecraftforge.common.ForgeConfigSpec/CORE]: Incorrect key mobs.naga.combat_config was corrected from null to its default, SimpleCommentedConfig:{}. 
[03Aug2025 01:19:48.567] [main/WARN] [net.minecraftforge.common.ForgeConfigSpec/CORE]: Incorrect key mobs.naga.combat_config.health_multiplier was corrected from null to its default, 1.0. 
[03Aug2025 01:19:48.567] [main/WARN] [net.minecraftforge.common.ForgeConfigSpec/CORE]: Incorrect key mobs.naga.combat_config.attack_multiplier was corrected from null to its default, 1.0. 
[03Aug2025 01:19:48.568] [main/WARN] [net.minecraftforge.common.ForgeConfigSpec/CORE]: Incorrect key mobs.foliaath was corrected from null to its default, SimpleCommentedConfig:{}. 
[03Aug2025 01:19:48.568] [main/WARN] [net.minecraftforge.common.ForgeConfigSpec/CORE]: Incorrect key mobs.foliaath.biome_config was corrected from null to its default, SimpleCommentedConfig:{}. 
[03Aug2025 01:19:48.568] [main/WARN] [net.minecraftforge.common.ForgeConfigSpec/CORE]: Incorrect key mobs.foliaath.biome_config.biome_tags was corrected from null to its default, [minecraft:is_jungle]. 
[03Aug2025 01:19:48.568] [main/WARN] [net.minecraftforge.common.ForgeConfigSpec/CORE]: Incorrect key mobs.foliaath.biome_config.biome_whitelist was corrected from null to its default, []. 
[03Aug2025 01:19:48.568] [main/WARN] [net.minecraftforge.common.ForgeConfigSpec/CORE]: Incorrect key mobs.foliaath.biome_config.biome_blacklist was corrected from null to its default, []. 
[03Aug2025 01:19:48.569] [main/WARN] [net.minecraftforge.common.ForgeConfigSpec/CORE]: Incorrect key mobs.foliaath.spawn_config was corrected from null to its default, SimpleCommentedConfig:{}. 
[03Aug2025 01:19:48.569] [main/WARN] [net.minecraftforge.common.ForgeConfigSpec/CORE]: Incorrect key mobs.foliaath.spawn_config.spawn_rate was corrected from null to its default, 70. 
[03Aug2025 01:19:48.569] [main/WARN] [net.minecraftforge.common.ForgeConfigSpec/CORE]: Incorrect key mobs.foliaath.spawn_config.min_group_size was corrected from null to its default, 1. 
[03Aug2025 01:19:48.569] [main/WARN] [net.minecraftforge.common.ForgeConfigSpec/CORE]: Incorrect key mobs.foliaath.spawn_config.max_group_size was corrected from null to its default, 4. 
[03Aug2025 01:19:48.569] [main/WARN] [net.minecraftforge.common.ForgeConfigSpec/CORE]: Incorrect key mobs.foliaath.spawn_config.extra_rarity was corrected from null to its default, 1.0. 
[03Aug2025 01:19:48.569] [main/WARN] [net.minecraftforge.common.ForgeConfigSpec/CORE]: Incorrect key mobs.foliaath.spawn_config.dimensions was corrected from null to its default, [minecraft:overworld]. 
[03Aug2025 01:19:48.570] [main/WARN] [net.minecraftforge.common.ForgeConfigSpec/CORE]: Incorrect key mobs.foliaath.spawn_config.allowed_blocks was corrected from null to its default, []. 
[03Aug2025 01:19:48.570] [main/WARN] [net.minecraftforge.common.ForgeConfigSpec/CORE]: Incorrect key mobs.foliaath.spawn_config.allowed_block_tags was corrected from null to its default, [minecraft:animals_spawnable_on, minecraft:leaves, minecraft:logs]. 
[03Aug2025 01:19:48.570] [main/WARN] [net.minecraftforge.common.ForgeConfigSpec/CORE]: Incorrect key mobs.foliaath.spawn_config.height_max was corrected from null to its default, -65. 
[03Aug2025 01:19:48.570] [main/WARN] [net.minecraftforge.common.ForgeConfigSpec/CORE]: Incorrect key mobs.foliaath.spawn_config.height_min was corrected from null to its default, 60. 
[03Aug2025 01:19:48.570] [main/WARN] [net.minecraftforge.common.ForgeConfigSpec/CORE]: Incorrect key mobs.foliaath.spawn_config.needs_darkness was corrected from null to its default, true. 
[03Aug2025 01:19:48.570] [main/WARN] [net.minecraftforge.common.ForgeConfigSpec/CORE]: Incorrect key mobs.foliaath.spawn_config.needs_see_sky was corrected from null to its default, false. 
[03Aug2025 01:19:48.571] [main/WARN] [net.minecraftforge.common.ForgeConfigSpec/CORE]: Incorrect key mobs.foliaath.spawn_config.needs_cant_see_sky was corrected from null to its default, false. 
[03Aug2025 01:19:48.571] [main/WARN] [net.minecraftforge.common.ForgeConfigSpec/CORE]: Incorrect key mobs.foliaath.spawn_config.avoid_structures was corrected from null to its default, [minecraft:villages, minecraft:pillager_outposts]. 
[03Aug2025 01:19:48.571] [main/WARN] [net.minecraftforge.common.ForgeConfigSpec/CORE]: Incorrect key mobs.foliaath.combat_config was corrected from null to its default, SimpleCommentedConfig:{}. 
[03Aug2025 01:19:48.571] [main/WARN] [net.minecraftforge.common.ForgeConfigSpec/CORE]: Incorrect key mobs.foliaath.combat_config.health_multiplier was corrected from null to its default, 1.0. 
[03Aug2025 01:19:48.571] [main/WARN] [net.minecraftforge.common.ForgeConfigSpec/CORE]: Incorrect key mobs.foliaath.combat_config.attack_multiplier was corrected from null to its default, 1.0. 
[03Aug2025 01:19:48.572] [main/WARN] [net.minecraftforge.common.ForgeConfigSpec/CORE]: Incorrect key mobs.bluff was corrected from null to its default, SimpleCommentedConfig:{}. 
[03Aug2025 01:19:48.572] [main/WARN] [net.minecraftforge.common.ForgeConfigSpec/CORE]: Incorrect key mobs.bluff.biome_config was corrected from null to its default, SimpleCommentedConfig:{}. 
[03Aug2025 01:19:48.572] [main/WARN] [net.minecraftforge.common.ForgeConfigSpec/CORE]: Incorrect key mobs.bluff.biome_config.biome_tags was corrected from null to its default, []. 
[03Aug2025 01:19:48.572] [main/WARN] [net.minecraftforge.common.ForgeConfigSpec/CORE]: Incorrect key mobs.bluff.biome_config.biome_whitelist was corrected from null to its default, []. 
[03Aug2025 01:19:48.572] [main/WARN] [net.minecraftforge.common.ForgeConfigSpec/CORE]: Incorrect key mobs.bluff.biome_config.biome_blacklist was corrected from null to its default, []. 
[03Aug2025 01:19:48.573] [main/WARN] [net.minecraftforge.common.ForgeConfigSpec/CORE]: Incorrect key mobs.bluff.spawn_config was corrected from null to its default, SimpleCommentedConfig:{}. 
[03Aug2025 01:19:48.573] [main/WARN] [net.minecraftforge.common.ForgeConfigSpec/CORE]: Incorrect key mobs.bluff.spawn_config.spawn_rate was corrected from null to its default, 10. 
[03Aug2025 01:19:48.573] [main/WARN] [net.minecraftforge.common.ForgeConfigSpec/CORE]: Incorrect key mobs.bluff.spawn_config.min_group_size was corrected from null to its default, 2. 
[03Aug2025 01:19:48.573] [main/WARN] [net.minecraftforge.common.ForgeConfigSpec/CORE]: Incorrect key mobs.bluff.spawn_config.max_group_size was corrected from null to its default, 3. 
[03Aug2025 01:19:48.573] [main/WARN] [net.minecraftforge.common.ForgeConfigSpec/CORE]: Incorrect key mobs.bluff.spawn_config.extra_rarity was corrected from null to its default, 1.0. 
[03Aug2025 01:19:48.574] [main/WARN] [net.minecraftforge.common.ForgeConfigSpec/CORE]: Incorrect key mobs.bluff.spawn_config.dimensions was corrected from null to its default, [minecraft:overworld]. 
[03Aug2025 01:19:48.574] [main/WARN] [net.minecraftforge.common.ForgeConfigSpec/CORE]: Incorrect key mobs.bluff.spawn_config.allowed_blocks was corrected from null to its default, []. 
[03Aug2025 01:19:48.574] [main/WARN] [net.minecraftforge.common.ForgeConfigSpec/CORE]: Incorrect key mobs.bluff.spawn_config.allowed_block_tags was corrected from null to its default, []. 
[03Aug2025 01:19:48.574] [main/WARN] [net.minecraftforge.common.ForgeConfigSpec/CORE]: Incorrect key mobs.bluff.spawn_config.height_max was corrected from null to its default, -65. 
[03Aug2025 01:19:48.574] [main/WARN] [net.minecraftforge.common.ForgeConfigSpec/CORE]: Incorrect key mobs.bluff.spawn_config.height_min was corrected from null to its default, -65. 
[03Aug2025 01:19:48.575] [main/WARN] [net.minecraftforge.common.ForgeConfigSpec/CORE]: Incorrect key mobs.bluff.spawn_config.needs_darkness was corrected from null to its default, true. 
[03Aug2025 01:19:48.575] [main/WARN] [net.minecraftforge.common.ForgeConfigSpec/CORE]: Incorrect key mobs.bluff.spawn_config.needs_see_sky was corrected from null to its default, false. 
[03Aug2025 01:19:48.575] [main/WARN] [net.minecraftforge.common.ForgeConfigSpec/CORE]: Incorrect key mobs.bluff.spawn_config.needs_cant_see_sky was corrected from null to its default, true. 
[03Aug2025 01:19:48.575] [main/WARN] [net.minecraftforge.common.ForgeConfigSpec/CORE]: Incorrect key mobs.bluff.spawn_config.avoid_structures was corrected from null to its default, []. 
[03Aug2025 01:19:48.575] [main/WARN] [net.minecraftforge.common.ForgeConfigSpec/CORE]: Incorrect key mobs.bluff.combat_config was corrected from null to its default, SimpleCommentedConfig:{}. 
[03Aug2025 01:19:48.575] [main/WARN] [net.minecraftforge.common.ForgeConfigSpec/CORE]: Incorrect key mobs.bluff.combat_config.health_multiplier was corrected from null to its default, 1.0. 
[03Aug2025 01:19:48.575] [main/WARN] [net.minecraftforge.common.ForgeConfigSpec/CORE]: Incorrect key mobs.bluff.combat_config.attack_multiplier was corrected from null to its default, 1.0. 
[03Aug2025 01:19:48.582] [main/WARN] [net.minecraftforge.common.ForgeConfigSpec/CORE]: Configuration file /workspaces/mcfabric1/servidor_minecraft/config/biomesoplenty/generation.toml is not correct. Correcting
[03Aug2025 01:19:48.582] [main/WARN] [net.minecraftforge.common.ForgeConfigSpec/CORE]: Incorrect key overworld was corrected from null to its default, SimpleCommentedConfig:{}. 
[03Aug2025 01:19:48.583] [main/WARN] [net.minecraftforge.common.ForgeConfigSpec/CORE]: Incorrect key overworld.bop_primary_overworld_region_weight was corrected from null to its default, 10. 
[03Aug2025 01:19:48.583] [main/WARN] [net.minecraftforge.common.ForgeConfigSpec/CORE]: Incorrect key overworld.bop_secondary_overworld_region_weight was corrected from null to its default, 8. 
[03Aug2025 01:19:48.583] [main/WARN] [net.minecraftforge.common.ForgeConfigSpec/CORE]: Incorrect key overworld.bop_nether_region_weight was corrected from null to its default, 13. 
[03Aug2025 01:19:48.583] [main/WARN] [net.minecraftforge.common.ForgeConfigSpec/CORE]: Incorrect key overworld.bop_overworld_rare_region_weight was corrected from null to its default, 2. 
[03Aug2025 01:19:48.583] [main/WARN] [net.minecraftforge.common.ForgeConfigSpec/CORE]: Incorrect key overworld.bop_nether_rare_region_weight was corrected from null to its default, 2. 
[03Aug2025 01:19:48.585] [main/WARN] [net.minecraftforge.common.ForgeConfigSpec/CORE]: Configuration file /workspaces/mcfabric1/servidor_minecraft/config/CoroUtil/General.toml is not correct. Correcting
[03Aug2025 01:19:48.586] [main/WARN] [net.minecraftforge.common.ForgeConfigSpec/CORE]: Incorrect key general was corrected from null to its default, SimpleCommentedConfig:{}. 
[03Aug2025 01:19:48.586] [main/WARN] [net.minecraftforge.common.ForgeConfigSpec/CORE]: Incorrect key general.useLoggingLog was corrected from null to its default, true. 
[03Aug2025 01:19:48.586] [main/WARN] [net.minecraftforge.common.ForgeConfigSpec/CORE]: Incorrect key general.useLoggingDebug was corrected from null to its default, false. 
[03Aug2025 01:19:48.586] [main/WARN] [net.minecraftforge.common.ForgeConfigSpec/CORE]: Incorrect key general.useLoggingError was corrected from null to its default, true. 
[03Aug2025 01:19:48.590] [main/WARN] [net.minecraftforge.common.ForgeConfigSpec/CORE]: Configuration file /workspaces/mcfabric1/servidor_minecraft/config/aiimprovements-common.toml is not correct. Correcting
[03Aug2025 01:19:48.590] [main/WARN] [net.minecraftforge.common.ForgeConfigSpec/CORE]: Incorrect key entity was corrected from null to its default, SimpleCommentedConfig:{}. 
[03Aug2025 01:19:48.590] [main/WARN] [net.minecraftforge.common.ForgeConfigSpec/CORE]: Incorrect key entity.general was corrected from null to its default, SimpleCommentedConfig:{}. 
[03Aug2025 01:19:48.590] [main/WARN] [net.minecraftforge.common.ForgeConfigSpec/CORE]: Incorrect key entity.general.allow_remove_calls was corrected from null to its default, true. 
[03Aug2025 01:19:48.590] [main/WARN] [net.minecraftforge.common.ForgeConfigSpec/CORE]: Incorrect key entity.general.enable_call_bubbling was corrected from null to its default, true. 
[03Aug2025 01:19:48.591] [main/WARN] [net.minecraftforge.common.ForgeConfigSpec/CORE]: Incorrect key entity.mob was corrected from null to its default, SimpleCommentedConfig:{}. 
[03Aug2025 01:19:48.591] [main/WARN] [net.minecraftforge.common.ForgeConfigSpec/CORE]: Incorrect key entity.mob.remove_look_goal was corrected from null to its default, SimpleCommentedConfig:{}. 
[03Aug2025 01:19:48.591] [main/WARN] [net.minecraftforge.common.ForgeConfigSpec/CORE]: Incorrect key entity.mob.remove_look_goal.remove_look_goal was corrected from null to its default, false. 
[03Aug2025 01:19:48.591] [main/WARN] [net.minecraftforge.common.ForgeConfigSpec/CORE]: Incorrect key entity.mob.remove_look_goal.is_allowlist was corrected from null to its default, false. 
[03Aug2025 01:19:48.591] [main/WARN] [net.minecraftforge.common.ForgeConfigSpec/CORE]: Incorrect key entity.mob.remove_look_goal.filter_list was corrected from null to its default, []. 
[03Aug2025 01:19:48.591] [main/WARN] [net.minecraftforge.common.ForgeConfigSpec/CORE]: Incorrect key entity.mob.remove_look_random was corrected from null to its default, SimpleCommentedConfig:{}. 
[03Aug2025 01:19:48.591] [main/WARN] [net.minecraftforge.common.ForgeConfigSpec/CORE]: Incorrect key entity.mob.remove_look_random.remove_look_random was corrected from null to its default, false. 
[03Aug2025 01:19:48.592] [main/WARN] [net.minecraftforge.common.ForgeConfigSpec/CORE]: Incorrect key entity.mob.remove_look_random.is_allowlist was corrected from null to its default, false. 
[03Aug2025 01:19:48.592] [main/WARN] [net.minecraftforge.common.ForgeConfigSpec/CORE]: Incorrect key entity.mob.remove_look_random.filter_list was corrected from null to its default, []. 
[03Aug2025 01:19:48.592] [main/WARN] [net.minecraftforge.common.ForgeConfigSpec/CORE]: Incorrect key entity.mob.replace_look_controller was corrected from null to its default, SimpleCommentedConfig:{}. 
[03Aug2025 01:19:48.592] [main/WARN] [net.minecraftforge.common.ForgeConfigSpec/CORE]: Incorrect key entity.mob.replace_look_controller.replace_look_controller was corrected from null to its default, true. 
[03Aug2025 01:19:48.592] [main/WARN] [net.minecraftforge.common.ForgeConfigSpec/CORE]: Incorrect key entity.mob.replace_look_controller.is_allowlist was corrected from null to its default, false. 
[03Aug2025 01:19:48.592] [main/WARN] [net.minecraftforge.common.ForgeConfigSpec/CORE]: Incorrect key entity.mob.replace_look_controller.filter_list was corrected from null to its default, []. 
[03Aug2025 01:19:48.593] [main/WARN] [net.minecraftforge.common.ForgeConfigSpec/CORE]: Incorrect key entity.fish was corrected from null to its default, SimpleCommentedConfig:{}. 
[03Aug2025 01:19:48.593] [main/WARN] [net.minecraftforge.common.ForgeConfigSpec/CORE]: Incorrect key entity.fish.remove_swim was corrected from null to its default, false. 
[03Aug2025 01:19:48.593] [main/WARN] [net.minecraftforge.common.ForgeConfigSpec/CORE]: Incorrect key entity.fish.remove_panic was corrected from null to its default, false. 
[03Aug2025 01:19:48.593] [main/WARN] [net.minecraftforge.common.ForgeConfigSpec/CORE]: Incorrect key entity.fish.remove_avoid_player was corrected from null to its default, false. 
[03Aug2025 01:19:48.593] [main/WARN] [net.minecraftforge.common.ForgeConfigSpec/CORE]: Incorrect key entity.fish.remove_follow_leader was corrected from null to its default, false. 
[03Aug2025 01:19:48.593] [main/WARN] [net.minecraftforge.common.ForgeConfigSpec/CORE]: Incorrect key entity.fish.remove_puff was corrected from null to its default, false. 
[03Aug2025 01:19:48.593] [main/WARN] [net.minecraftforge.common.ForgeConfigSpec/CORE]: Incorrect key entity.squid was corrected from null to its default, SimpleCommentedConfig:{}. 
[03Aug2025 01:19:48.593] [main/WARN] [net.minecraftforge.common.ForgeConfigSpec/CORE]: Incorrect key entity.squid.remove_flee was corrected from null to its default, false. 
[03Aug2025 01:19:48.593] [main/WARN] [net.minecraftforge.common.ForgeConfigSpec/CORE]: Incorrect key entity.squid.remove_random_move was corrected from null to its default, false. 
[03Aug2025 01:19:48.594] [main/WARN] [net.minecraftforge.common.ForgeConfigSpec/CORE]: Incorrect key entity.cow was corrected from null to its default, SimpleCommentedConfig:{}. 
[03Aug2025 01:19:48.594] [main/WARN] [net.minecraftforge.common.ForgeConfigSpec/CORE]: Incorrect key entity.cow.remove_float was corrected from null to its default, false. 
[03Aug2025 01:19:48.594] [main/WARN] [net.minecraftforge.common.ForgeConfigSpec/CORE]: Incorrect key entity.cow.remove_panic was corrected from null to its default, false. 
[03Aug2025 01:19:48.594] [main/WARN] [net.minecraftforge.common.ForgeConfigSpec/CORE]: Incorrect key entity.cow.remove_breed was corrected from null to its default, false. 
[03Aug2025 01:19:48.594] [main/WARN] [net.minecraftforge.common.ForgeConfigSpec/CORE]: Incorrect key entity.cow.remove_tempt was corrected from null to its default, false. 
[03Aug2025 01:19:48.594] [main/WARN] [net.minecraftforge.common.ForgeConfigSpec/CORE]: Incorrect key entity.cow.remove_follow_parent was corrected from null to its default, false. 
[03Aug2025 01:19:48.594] [main/WARN] [net.minecraftforge.common.ForgeConfigSpec/CORE]: Incorrect key entity.cow.remove_stroll was corrected from null to its default, false. 
[03Aug2025 01:19:48.594] [main/WARN] [net.minecraftforge.common.ForgeConfigSpec/CORE]: Incorrect key entity.chicken was corrected from null to its default, SimpleCommentedConfig:{}. 
[03Aug2025 01:19:48.594] [main/WARN] [net.minecraftforge.common.ForgeConfigSpec/CORE]: Incorrect key entity.chicken.remove_float was corrected from null to its default, false. 
[03Aug2025 01:19:48.595] [main/WARN] [net.minecraftforge.common.ForgeConfigSpec/CORE]: Incorrect key entity.chicken.remove_panic was corrected from null to its default, false. 
[03Aug2025 01:19:48.595] [main/WARN] [net.minecraftforge.common.ForgeConfigSpec/CORE]: Incorrect key entity.chicken.remove_breed was corrected from null to its default, false. 
[03Aug2025 01:19:48.595] [main/WARN] [net.minecraftforge.common.ForgeConfigSpec/CORE]: Incorrect key entity.chicken.remove_tempt was corrected from null to its default, false. 
[03Aug2025 01:19:48.595] [main/WARN] [net.minecraftforge.common.ForgeConfigSpec/CORE]: Incorrect key entity.chicken.remove_follow_parent was corrected from null to its default, false. 
[03Aug2025 01:19:48.595] [main/WARN] [net.minecraftforge.common.ForgeConfigSpec/CORE]: Incorrect key entity.chicken.remove_stroll was corrected from null to its default, false. 
[03Aug2025 01:19:48.595] [main/WARN] [net.minecraftforge.common.ForgeConfigSpec/CORE]: Incorrect key entity.pig was corrected from null to its default, SimpleCommentedConfig:{}. 
[03Aug2025 01:19:48.595] [main/WARN] [net.minecraftforge.common.ForgeConfigSpec/CORE]: Incorrect key entity.pig.remove_float was corrected from null to its default, false. 
[03Aug2025 01:19:48.595] [main/WARN] [net.minecraftforge.common.ForgeConfigSpec/CORE]: Incorrect key entity.pig.remove_panic was corrected from null to its default, false. 
[03Aug2025 01:19:48.595] [main/WARN] [net.minecraftforge.common.ForgeConfigSpec/CORE]: Incorrect key entity.pig.remove_breed was corrected from null to its default, false. 
[03Aug2025 01:19:48.595] [main/WARN] [net.minecraftforge.common.ForgeConfigSpec/CORE]: Incorrect key entity.pig.remove_tempt was corrected from null to its default, false. 
[03Aug2025 01:19:48.596] [main/WARN] [net.minecraftforge.common.ForgeConfigSpec/CORE]: Incorrect key entity.pig.remove_follow_parent was corrected from null to its default, false. 
[03Aug2025 01:19:48.596] [main/WARN] [net.minecraftforge.common.ForgeConfigSpec/CORE]: Incorrect key entity.pig.remove_stroll was corrected from null to its default, false. 
[03Aug2025 01:19:48.596] [main/WARN] [net.minecraftforge.common.ForgeConfigSpec/CORE]: Incorrect key entity.sheep was corrected from null to its default, SimpleCommentedConfig:{}. 
[03Aug2025 01:19:48.596] [main/WARN] [net.minecraftforge.common.ForgeConfigSpec/CORE]: Incorrect key entity.sheep.remove_float was corrected from null to its default, false. 
[03Aug2025 01:19:48.596] [main/WARN] [net.minecraftforge.common.ForgeConfigSpec/CORE]: Incorrect key entity.sheep.remove_panic was corrected from null to its default, false. 
[03Aug2025 01:19:48.596] [main/WARN] [net.minecraftforge.common.ForgeConfigSpec/CORE]: Incorrect key entity.sheep.remove_breed was corrected from null to its default, false. 
[03Aug2025 01:19:48.597] [main/WARN] [net.minecraftforge.common.ForgeConfigSpec/CORE]: Incorrect key entity.sheep.remove_tempt was corrected from null to its default, false. 
[03Aug2025 01:19:48.597] [main/WARN] [net.minecraftforge.common.ForgeConfigSpec/CORE]: Incorrect key entity.sheep.remove_follow_parent was corrected from null to its default, false. 
[03Aug2025 01:19:48.597] [main/WARN] [net.minecraftforge.common.ForgeConfigSpec/CORE]: Incorrect key entity.sheep.remove_stroll was corrected from null to its default, false. 
[03Aug2025 01:19:48.597] [main/WARN] [net.minecraftforge.common.ForgeConfigSpec/CORE]: Incorrect key entity.sheep.remove_eat_block was corrected from null to its default, false. 
[03Aug2025 01:19:48.600] [main/WARN] [net.minecraftforge.common.ForgeConfigSpec/CORE]: Configuration file /workspaces/mcfabric1/servidor_minecraft/config/mobtimizations/features.toml is not correct. Correcting
[03Aug2025 01:19:48.600] [main/WARN] [net.minecraftforge.common.ForgeConfigSpec/CORE]: Incorrect key general was corrected from null to its default, SimpleCommentedConfig:{}. 
[03Aug2025 01:19:48.600] [main/WARN] [net.minecraftforge.common.ForgeConfigSpec/CORE]: Incorrect key general.optimizationZombieVillageRaid was corrected from null to its default, true. 
[03Aug2025 01:19:48.601] [main/WARN] [net.minecraftforge.common.ForgeConfigSpec/CORE]: Incorrect key general.optimizationMobEnemyTargeting was corrected from null to its default, true. 
[03Aug2025 01:19:48.601] [main/WARN] [net.minecraftforge.common.ForgeConfigSpec/CORE]: Incorrect key general.optimizationMobWandering was corrected from null to its default, true. 
[03Aug2025 01:19:48.601] [main/WARN] [net.minecraftforge.common.ForgeConfigSpec/CORE]: Incorrect key general.optimizationMobRepathfinding was corrected from null to its default, true. 
[03Aug2025 01:19:48.601] [main/WARN] [net.minecraftforge.common.ForgeConfigSpec/CORE]: Incorrect key general.optimizationZombieSearchAndDestroyTurtleEgg was corrected from null to its default, true. 
[03Aug2025 01:19:48.601] [main/WARN] [net.minecraftforge.common.ForgeConfigSpec/CORE]: Incorrect key general.optimizationMonsterHazardAvoidingPathfollowing was corrected from null to its default, true. 
[03Aug2025 01:19:48.601] [main/WARN] [net.minecraftforge.common.ForgeConfigSpec/CORE]: Incorrect key general.playerProximityReducedRate was corrected from null to its default, true. 
[03Aug2025 01:19:48.604] [main/WARN] [net.minecraftforge.common.ForgeConfigSpec/CORE]: Configuration file /workspaces/mcfabric1/servidor_minecraft/config/mobtimizations/features-customization.toml is not correct. Correcting
[03Aug2025 01:19:48.604] [main/WARN] [net.minecraftforge.common.ForgeConfigSpec/CORE]: Incorrect key general was corrected from null to its default, SimpleCommentedConfig:{}. 
[03Aug2025 01:19:48.604] [main/WARN] [net.minecraftforge.common.ForgeConfigSpec/CORE]: Incorrect key general.zombieVillageRaidPercentChance was corrected from null to its default, 33. 
[03Aug2025 01:19:48.605] [main/WARN] [net.minecraftforge.common.ForgeConfigSpec/CORE]: Incorrect key general.zombieSearchAndDestroyTurtleEggPercentChance was corrected from null to its default, 0. 
[03Aug2025 01:19:48.605] [main/WARN] [net.minecraftforge.common.ForgeConfigSpec/CORE]: Incorrect key general.mobWanderingPercentChance was corrected from null to its default, 100. 
[03Aug2025 01:19:48.605] [main/WARN] [net.minecraftforge.common.ForgeConfigSpec/CORE]: Incorrect key general.mobWanderingDelay was corrected from null to its default, 100. 
[03Aug2025 01:19:48.605] [main/WARN] [net.minecraftforge.common.ForgeConfigSpec/CORE]: Incorrect key general.mobWanderingReducedRateMultiplier was corrected from null to its default, 6. 
[03Aug2025 01:19:48.605] [main/WARN] [net.minecraftforge.common.ForgeConfigSpec/CORE]: Incorrect key general.mobEnemyTargetingReducedRatePercentChance was corrected from null to its default, 10. 
[03Aug2025 01:19:48.605] [main/WARN] [net.minecraftforge.common.ForgeConfigSpec/CORE]: Incorrect key general.playerProximityReducedRateRangeCutoff was corrected from null to its default, 12. 
[03Aug2025 01:19:48.605] [main/WARN] [net.minecraftforge.common.ForgeConfigSpec/CORE]: Incorrect key general.playerProximityReducedRatePlayerScanRate was corrected from null to its default, 40. 
[03Aug2025 01:19:48.607] [main/WARN] [net.minecraftforge.common.ForgeConfigSpec/CORE]: Configuration file /workspaces/mcfabric1/servidor_minecraft/config/create-common.toml is not correct. Correcting
[03Aug2025 01:19:48.608] [main/WARN] [net.minecraftforge.common.ForgeConfigSpec/CORE]: Incorrect key worldgen was corrected from null to its default, SimpleCommentedConfig:{}. 
[03Aug2025 01:19:48.608] [main/WARN] [net.minecraftforge.common.ForgeConfigSpec/CORE]: Incorrect key worldgen.disableWorldGen was corrected from null to its default, false. 
[03Aug2025 01:19:48.761] [modloading-worker-0/INFO] [com.connectivity.Connectivity/]: Connectivity initialized
[03Aug2025 01:19:48.762] [modloading-worker-0/INFO] [com.structureessentials.StructureEssentials/]: structureessentials mod initialized
[03Aug2025 01:19:48.809] [Forge Version Check/INFO] [net.minecraftforge.fml.VersionChecker/]: [clumps] Starting version check at https://updates.blamejared.com/get?n=clumps&gv=1.20.1
[03Aug2025 01:19:48.814] [modloading-worker-0/INFO] [terrablender/]: Registered region minecraft:overworld to index 0 for type OVERWORLD
[03Aug2025 01:19:48.818] [modloading-worker-0/INFO] [terrablender/]: Registered region minecraft:nether to index 0 for type NETHER
[03Aug2025 01:19:48.818] [modloading-worker-0/INFO] [terrablender/]: Registered region vanillabackport:overworld to index 1 for type OVERWORLD
[03Aug2025 01:19:48.858] [modloading-worker-0/INFO] [com.betterchunkloading.BetterChunkLoading/]: betterchunkloading mod initialized
[03Aug2025 01:19:48.915] [main/INFO] [terrablender/]: Registered region biomesoplenty:overworld_primary to index 2 for type OVERWORLD
[03Aug2025 01:19:48.916] [main/INFO] [terrablender/]: Registered region biomesoplenty:overworld_secondary to index 3 for type OVERWORLD
[03Aug2025 01:19:48.916] [main/INFO] [terrablender/]: Registered region biomesoplenty:overworld_rare to index 4 for type OVERWORLD
[03Aug2025 01:19:48.916] [main/INFO] [terrablender/]: Registered region biomesoplenty:nether_common to index 1 for type NETHER
[03Aug2025 01:19:48.916] [main/INFO] [terrablender/]: Registered region biomesoplenty:nether_rare to index 2 for type NETHER
[03Aug2025 01:19:49.100] [modloading-worker-0/INFO] [xaero.map.server.WorldMapServer/]: Loading Xaero's World Map - Stage 1/2 (Server)
[03Aug2025 01:19:49.101] [modloading-worker-0/INFO] [xaero.minimap.XaeroMinimap/]: Loading Xaero's Minimap - Stage 1/2 (Server)
[03Aug2025 01:19:49.126] [main/INFO] [xaero.map.server.WorldMapServer/]: Loading Xaero's World Map - Stage 2/2 (Server)
[03Aug2025 01:19:49.126] [main/INFO] [xaero.minimap.XaeroMinimap/]: Loading Xaero's Minimap - Stage 2/2 (Server)
[03Aug2025 01:19:49.371] [Forge Version Check/INFO] [net.minecraftforge.fml.VersionChecker/]: [clumps] Found status: BETA Current: 12.0.0.4 Target: 12.0.0.4
[03Aug2025 01:19:49.372] [Forge Version Check/INFO] [net.minecraftforge.fml.VersionChecker/]: [forge] Starting version check at https://files.minecraftforge.net/net/minecraftforge/forge/promotions_slim.json
[03Aug2025 01:19:49.465] [Thread-0/INFO] [ModernFix/]: Please use /mfsrc to reload any changed mod config files
[03Aug2025 01:19:49.482] [Forge Version Check/INFO] [net.minecraftforge.fml.VersionChecker/]: [forge] Found status: OUTDATED Current: 47.3.7 Target: 47.4.0
[03Aug2025 01:19:49.482] [Forge Version Check/INFO] [net.minecraftforge.fml.VersionChecker/]: [car] Starting version check at https://update.maxhenkel.de/forge/car
[03Aug2025 01:19:49.983] [Forge Version Check/INFO] [net.minecraftforge.fml.VersionChecker/]: [car] Found status: AHEAD Current: 1.20.1-1.0.34 Target: null
[03Aug2025 01:19:49.983] [Forge Version Check/INFO] [net.minecraftforge.fml.VersionChecker/]: [gravestone] Starting version check at https://update.maxhenkel.de/forge/gravestone
[03Aug2025 01:19:50.018] [main/INFO] [com.mojang.authlib.yggdrasil.YggdrasilAuthenticationService/]: Environment: authHost='https://authserver.mojang.com', accountsHost='https://api.mojang.com', sessionHost='https://sessionserver.mojang.com', servicesHost='https://api.minecraftservices.com', name='PROD'
[03Aug2025 01:19:50.083] [Forge Version Check/INFO] [net.minecraftforge.fml.VersionChecker/]: [gravestone] Found status: AHEAD Current: 1.20.1-1.0.32 Target: null
[03Aug2025 01:19:50.083] [Forge Version Check/INFO] [net.minecraftforge.fml.VersionChecker/]: [securitycraft] Starting version check at https://www.github.com/Geforce132/SecurityCraft/raw/master/Updates/Forge.json
[03Aug2025 01:19:50.127] [main/INFO] [ModernFix/]: Bypassed Mojang DFU
[03Aug2025 01:19:50.145] [main/WARN] [net.minecraft.server.packs.VanillaPackResourcesBuilder/]: Assets URL 'union:/workspaces/mcfabric1/servidor_minecraft/libraries/net/minecraft/server/1.20.1-20230612.114412/server-1.20.1-20230612.114412-srg.jar%23223!/assets/.mcassetsroot' uses unexpected schema
[03Aug2025 01:19:50.146] [main/WARN] [net.minecraft.server.packs.VanillaPackResourcesBuilder/]: Assets URL 'union:/workspaces/mcfabric1/servidor_minecraft/libraries/net/minecraft/server/1.20.1-20230612.114412/server-1.20.1-20230612.114412-srg.jar%23223!/data/.mcassetsroot' uses unexpected schema
[03Aug2025 01:19:50.205] [Forge Version Check/INFO] [net.minecraftforge.fml.VersionChecker/]: [securitycraft] Found status: UP_TO_DATE Current: 1.10.0.1 Target: null
[03Aug2025 01:19:50.205] [Forge Version Check/INFO] [net.minecraftforge.fml.VersionChecker/]: [dynamic_fps] Starting version check at https://api.lostluma.net/updates/dynamic-fps?platform=forge
[03Aug2025 01:19:50.283] [main/INFO] [com.simibubi.create.Create/]: Created 398 recipes which will be injected into the game
[03Aug2025 01:19:50.293] [main/INFO] [com.simibubi.create.Create/]: Created 21 tags which will be injected into the game
[03Aug2025 01:19:50.347] [main/INFO] [net.minecraft.server.MinecraftServer/]: Found new data pack create:dynamic_data, loading it automatically
[03Aug2025 01:19:50.550] [Forge Version Check/INFO] [net.minecraftforge.fml.VersionChecker/]: [dynamic_fps] Found status: UP_TO_DATE Current: 3.9.5 Target: null
[03Aug2025 01:19:51.352] [main/INFO] [bettervillage/]: StructureSet modified for minecraft:village : Now using custom village configuration (can be disabled in the better villages config: boolean.villages.enabled_custom_config).
[03Aug2025 01:19:53.599] [main/INFO] [net.minecraft.world.item.crafting.RecipeManager/]: Loaded 24 recipes
[03Aug2025 01:19:53.714] [main/INFO] [net.minecraft.advancements.AdvancementList/]: Loaded 3652 advancements
[03Aug2025 01:19:53.774] [main/WARN] [ModernFix/]: Initial datapack load took 3.463 s
[03Aug2025 01:19:53.875] [Server thread/INFO] [net.minecraft.server.dedicated.DedicatedServer/]: Starting minecraft server version 1.20.1
[03Aug2025 01:19:53.875] [Server thread/INFO] [net.minecraft.server.dedicated.DedicatedServer/]: Loading properties
[03Aug2025 01:19:53.875] [Server thread/INFO] [net.minecraft.server.dedicated.DedicatedServer/]: Default game type: SURVIVAL
[03Aug2025 01:19:53.876] [Server thread/INFO] [net.minecraft.server.MinecraftServer/]: Generating keypair
[03Aug2025 01:19:53.986] [Server thread/INFO] [net.minecraft.server.dedicated.DedicatedServer/]: Starting Minecraft server on *:25565
[03Aug2025 01:19:54.009] [Server thread/INFO] [net.minecraft.server.network.ServerConnectionListener/]: Using epoll channel type
[03Aug2025 01:19:54.093] [Server thread/WARN] [net.minecraft.server.dedicated.DedicatedServer/]: **** SERVER IS RUNNING IN OFFLINE/INSECURE MODE!
[03Aug2025 01:19:54.093] [Server thread/WARN] [net.minecraft.server.dedicated.DedicatedServer/]: The server will make no attempt to authenticate usernames. Beware.
[03Aug2025 01:19:54.093] [Server thread/WARN] [net.minecraft.server.dedicated.DedicatedServer/]: While this makes the game possible to play without internet access, it also opens up the ability for hackers to connect with any username they choose.
[03Aug2025 01:19:54.094] [Server thread/WARN] [net.minecraft.server.dedicated.DedicatedServer/]: To change this, set "online-mode" to "true" in the server.properties file.
[03Aug2025 01:19:54.106] [Server thread/WARN] [com.cupboard.Cupboard/]: Config dynamicview.json not found, recreating default
[03Aug2025 01:19:54.107] [Server thread/INFO] [com.cupboard.Cupboard/]: Loaded config for: dynamicview.json
[03Aug2025 01:19:54.111] [Server thread/WARN] [net.minecraftforge.common.ForgeConfigSpec/CORE]: Configuration file ./world/serverconfig/jei-server.toml is not correct. Correcting
[03Aug2025 01:19:54.111] [Server thread/WARN] [net.minecraftforge.common.ForgeConfigSpec/CORE]: Incorrect key cheat mode was corrected from null to its default, SimpleCommentedConfig:{}. 
[03Aug2025 01:19:54.111] [Server thread/WARN] [net.minecraftforge.common.ForgeConfigSpec/CORE]: Incorrect key cheat mode.enableCheatModeForOp was corrected from null to its default, true. 
[03Aug2025 01:19:54.111] [Server thread/WARN] [net.minecraftforge.common.ForgeConfigSpec/CORE]: Incorrect key cheat mode.enableCheatModeForCreative was corrected from null to its default, true. 
[03Aug2025 01:19:54.112] [Server thread/WARN] [net.minecraftforge.common.ForgeConfigSpec/CORE]: Incorrect key cheat mode.enableCheatModeForGive was corrected from null to its default, false. 
[03Aug2025 01:19:54.113] [Server thread/WARN] [net.minecraftforge.common.ForgeConfigSpec/CORE]: Configuration file ./world/serverconfig/sophisticatedbackpacks-server.toml is not correct. Correcting
[03Aug2025 01:19:54.113] [Server thread/WARN] [net.minecraftforge.common.ForgeConfigSpec/CORE]: Incorrect key server was corrected from null to its default, SimpleCommentedConfig:{}. 
[03Aug2025 01:19:54.114] [Server thread/WARN] [net.minecraftforge.common.ForgeConfigSpec/CORE]: Incorrect key server.disallowedItems was corrected from null to its default, []. 
[03Aug2025 01:19:54.114] [Server thread/WARN] [net.minecraftforge.common.ForgeConfigSpec/CORE]: Incorrect key server.containerItemsDisallowed was corrected from null to its default, false. 
[03Aug2025 01:19:54.114] [Server thread/WARN] [net.minecraftforge.common.ForgeConfigSpec/CORE]: Incorrect key server.noInteractionBlocks was corrected from null to its default, []. 
[03Aug2025 01:19:54.114] [Server thread/WARN] [net.minecraftforge.common.ForgeConfigSpec/CORE]: Incorrect key server.noConnectionBlocks was corrected from null to its default, []. 
[03Aug2025 01:19:54.114] [Server thread/WARN] [net.minecraftforge.common.ForgeConfigSpec/CORE]: Incorrect key server.leatherBackpack was corrected from null to its default, SimpleCommentedConfig:{}. 
[03Aug2025 01:19:54.115] [Server thread/WARN] [net.minecraftforge.common.ForgeConfigSpec/CORE]: Incorrect key server.leatherBackpack.inventorySlotCount was corrected from null to its default, 27. 
[03Aug2025 01:19:54.115] [Server thread/WARN] [net.minecraftforge.common.ForgeConfigSpec/CORE]: Incorrect key server.leatherBackpack.upgradeSlotCount was corrected from null to its default, 1. 
[03Aug2025 01:19:54.115] [Server thread/WARN] [net.minecraftforge.common.ForgeConfigSpec/CORE]: Incorrect key server.copperBackpack was corrected from null to its default, SimpleCommentedConfig:{}. 
[03Aug2025 01:19:54.115] [Server thread/WARN] [net.minecraftforge.common.ForgeConfigSpec/CORE]: Incorrect key server.copperBackpack.inventorySlotCount was corrected from null to its default, 45. 
[03Aug2025 01:19:54.115] [Server thread/WARN] [net.minecraftforge.common.ForgeConfigSpec/CORE]: Incorrect key server.copperBackpack.upgradeSlotCount was corrected from null to its default, 1. 
[03Aug2025 01:19:54.116] [Server thread/WARN] [net.minecraftforge.common.ForgeConfigSpec/CORE]: Incorrect key server.ironBackpack was corrected from null to its default, SimpleCommentedConfig:{}. 
[03Aug2025 01:19:54.116] [Server thread/WARN] [net.minecraftforge.common.ForgeConfigSpec/CORE]: Incorrect key server.ironBackpack.inventorySlotCount was corrected from null to its default, 54. 
[03Aug2025 01:19:54.116] [Server thread/WARN] [net.minecraftforge.common.ForgeConfigSpec/CORE]: Incorrect key server.ironBackpack.upgradeSlotCount was corrected from null to its default, 2. 
[03Aug2025 01:19:54.117] [Server thread/WARN] [net.minecraftforge.common.ForgeConfigSpec/CORE]: Incorrect key server.goldBackpack was corrected from null to its default, SimpleCommentedConfig:{}. 
[03Aug2025 01:19:54.117] [Server thread/WARN] [net.minecraftforge.common.ForgeConfigSpec/CORE]: Incorrect key server.goldBackpack.inventorySlotCount was corrected from null to its default, 81. 
[03Aug2025 01:19:54.117] [Server thread/WARN] [net.minecraftforge.common.ForgeConfigSpec/CORE]: Incorrect key server.goldBackpack.upgradeSlotCount was corrected from null to its default, 3. 
[03Aug2025 01:19:54.117] [Server thread/WARN] [net.minecraftforge.common.ForgeConfigSpec/CORE]: Incorrect key server.diamondBackpack was corrected from null to its default, SimpleCommentedConfig:{}. 
[03Aug2025 01:19:54.118] [Server thread/WARN] [net.minecraftforge.common.ForgeConfigSpec/CORE]: Incorrect key server.diamondBackpack.inventorySlotCount was corrected from null to its default, 108. 
[03Aug2025 01:19:54.118] [Server thread/WARN] [net.minecraftforge.common.ForgeConfigSpec/CORE]: Incorrect key server.diamondBackpack.upgradeSlotCount was corrected from null to its default, 5. 
[03Aug2025 01:19:54.118] [Server thread/WARN] [net.minecraftforge.common.ForgeConfigSpec/CORE]: Incorrect key server.netheriteBackpack was corrected from null to its default, SimpleCommentedConfig:{}. 
[03Aug2025 01:19:54.118] [Server thread/WARN] [net.minecraftforge.common.ForgeConfigSpec/CORE]: Incorrect key server.netheriteBackpack.inventorySlotCount was corrected from null to its default, 120. 
[03Aug2025 01:19:54.119] [Server thread/WARN] [net.minecraftforge.common.ForgeConfigSpec/CORE]: Incorrect key server.netheriteBackpack.upgradeSlotCount was corrected from null to its default, 7. 
[03Aug2025 01:19:54.119] [Server thread/WARN] [net.minecraftforge.common.ForgeConfigSpec/CORE]: Incorrect key server.compactingUpgrade was corrected from null to its default, SimpleCommentedConfig:{}. 
[03Aug2025 01:19:54.119] [Server thread/WARN] [net.minecraftforge.common.ForgeConfigSpec/CORE]: Incorrect key server.compactingUpgrade.filterSlots was corrected from null to its default, 9. 
[03Aug2025 01:19:54.119] [Server thread/WARN] [net.minecraftforge.common.ForgeConfigSpec/CORE]: Incorrect key server.compactingUpgrade.slotsInRow was corrected from null to its default, 3. 
[03Aug2025 01:19:54.120] [Server thread/WARN] [net.minecraftforge.common.ForgeConfigSpec/CORE]: Incorrect key server.advancedCompactingUpgrade was corrected from null to its default, SimpleCommentedConfig:{}. 
[03Aug2025 01:19:54.120] [Server thread/WARN] [net.minecraftforge.common.ForgeConfigSpec/CORE]: Incorrect key server.advancedCompactingUpgrade.filterSlots was corrected from null to its default, 16. 
[03Aug2025 01:19:54.120] [Server thread/WARN] [net.minecraftforge.common.ForgeConfigSpec/CORE]: Incorrect key server.advancedCompactingUpgrade.slotsInRow was corrected from null to its default, 4. 
[03Aug2025 01:19:54.120] [Server thread/WARN] [net.minecraftforge.common.ForgeConfigSpec/CORE]: Incorrect key server.depositUpgrade was corrected from null to its default, SimpleCommentedConfig:{}. 
[03Aug2025 01:19:54.120] [Server thread/WARN] [net.minecraftforge.common.ForgeConfigSpec/CORE]: Incorrect key server.depositUpgrade.filterSlots was corrected from null to its default, 9. 
[03Aug2025 01:19:54.121] [Server thread/WARN] [net.minecraftforge.common.ForgeConfigSpec/CORE]: Incorrect key server.depositUpgrade.slotsInRow was corrected from null to its default, 3. 
[03Aug2025 01:19:54.121] [Server thread/WARN] [net.minecraftforge.common.ForgeConfigSpec/CORE]: Incorrect key server.advancedDepositUpgrade was corrected from null to its default, SimpleCommentedConfig:{}. 
[03Aug2025 01:19:54.121] [Server thread/WARN] [net.minecraftforge.common.ForgeConfigSpec/CORE]: Incorrect key server.advancedDepositUpgrade.filterSlots was corrected from null to its default, 16. 
[03Aug2025 01:19:54.121] [Server thread/WARN] [net.minecraftforge.common.ForgeConfigSpec/CORE]: Incorrect key server.advancedDepositUpgrade.slotsInRow was corrected from null to its default, 4. 
[03Aug2025 01:19:54.122] [Server thread/WARN] [net.minecraftforge.common.ForgeConfigSpec/CORE]: Incorrect key server.feedingUpgrade was corrected from null to its default, SimpleCommentedConfig:{}. 
[03Aug2025 01:19:54.122] [Server thread/WARN] [net.minecraftforge.common.ForgeConfigSpec/CORE]: Incorrect key server.feedingUpgrade.filterSlots was corrected from null to its default, 9. 
[03Aug2025 01:19:54.122] [Server thread/WARN] [net.minecraftforge.common.ForgeConfigSpec/CORE]: Incorrect key server.feedingUpgrade.slotsInRow was corrected from null to its default, 3. 
[03Aug2025 01:19:54.122] [Server thread/WARN] [net.minecraftforge.common.ForgeConfigSpec/CORE]: Incorrect key server.advancedFeedingUpgrade was corrected from null to its default, SimpleCommentedConfig:{}. 
[03Aug2025 01:19:54.123] [Server thread/WARN] [net.minecraftforge.common.ForgeConfigSpec/CORE]: Incorrect key server.advancedFeedingUpgrade.filterSlots was corrected from null to its default, 16. 
[03Aug2025 01:19:54.123] [Server thread/WARN] [net.minecraftforge.common.ForgeConfigSpec/CORE]: Incorrect key server.advancedFeedingUpgrade.slotsInRow was corrected from null to its default, 4. 
[03Aug2025 01:19:54.123] [Server thread/WARN] [net.minecraftforge.common.ForgeConfigSpec/CORE]: Incorrect key server.filterUpgrade was corrected from null to its default, SimpleCommentedConfig:{}. 
[03Aug2025 01:19:54.123] [Server thread/WARN] [net.minecraftforge.common.ForgeConfigSpec/CORE]: Incorrect key server.filterUpgrade.filterSlots was corrected from null to its default, 9. 
[03Aug2025 01:19:54.124] [Server thread/WARN] [net.minecraftforge.common.ForgeConfigSpec/CORE]: Incorrect key server.filterUpgrade.slotsInRow was corrected from null to its default, 3. 
[03Aug2025 01:19:54.124] [Server thread/WARN] [net.minecraftforge.common.ForgeConfigSpec/CORE]: Incorrect key server.advancedFilterUpgrade was corrected from null to its default, SimpleCommentedConfig:{}. 
[03Aug2025 01:19:54.124] [Server thread/WARN] [net.minecraftforge.common.ForgeConfigSpec/CORE]: Incorrect key server.advancedFilterUpgrade.filterSlots was corrected from null to its default, 16. 
[03Aug2025 01:19:54.124] [Server thread/WARN] [net.minecraftforge.common.ForgeConfigSpec/CORE]: Incorrect key server.advancedFilterUpgrade.slotsInRow was corrected from null to its default, 4. 
[03Aug2025 01:19:54.125] [Server thread/WARN] [net.minecraftforge.common.ForgeConfigSpec/CORE]: Incorrect key server.magnetUpgrade was corrected from null to its default, SimpleCommentedConfig:{}. 
[03Aug2025 01:19:54.125] [Server thread/WARN] [net.minecraftforge.common.ForgeConfigSpec/CORE]: Incorrect key server.magnetUpgrade.filterSlots was corrected from null to its default, 9. 
[03Aug2025 01:19:54.125] [Server thread/WARN] [net.minecraftforge.common.ForgeConfigSpec/CORE]: Incorrect key server.magnetUpgrade.slotsInRow was corrected from null to its default, 3. 
[03Aug2025 01:19:54.125] [Server thread/WARN] [net.minecraftforge.common.ForgeConfigSpec/CORE]: Incorrect key server.magnetUpgrade.magnetRange was corrected from null to its default, 3. 
[03Aug2025 01:19:54.126] [Server thread/WARN] [net.minecraftforge.common.ForgeConfigSpec/CORE]: Incorrect key server.advancedMagnetUpgrade was corrected from null to its default, SimpleCommentedConfig:{}. 
[03Aug2025 01:19:54.126] [Server thread/WARN] [net.minecraftforge.common.ForgeConfigSpec/CORE]: Incorrect key server.advancedMagnetUpgrade.filterSlots was corrected from null to its default, 16. 
[03Aug2025 01:19:54.126] [Server thread/WARN] [net.minecraftforge.common.ForgeConfigSpec/CORE]: Incorrect key server.advancedMagnetUpgrade.slotsInRow was corrected from null to its default, 4. 
[03Aug2025 01:19:54.126] [Server thread/WARN] [net.minecraftforge.common.ForgeConfigSpec/CORE]: Incorrect key server.advancedMagnetUpgrade.magnetRange was corrected from null to its default, 5. 
[03Aug2025 01:19:54.127] [Server thread/WARN] [net.minecraftforge.common.ForgeConfigSpec/CORE]: Incorrect key server.pickupUpgrade was corrected from null to its default, SimpleCommentedConfig:{}. 
[03Aug2025 01:19:54.127] [Server thread/WARN] [net.minecraftforge.common.ForgeConfigSpec/CORE]: Incorrect key server.pickupUpgrade.filterSlots was corrected from null to its default, 9. 
[03Aug2025 01:19:54.127] [Server thread/WARN] [net.minecraftforge.common.ForgeConfigSpec/CORE]: Incorrect key server.pickupUpgrade.slotsInRow was corrected from null to its default, 3. 
[03Aug2025 01:19:54.127] [Server thread/WARN] [net.minecraftforge.common.ForgeConfigSpec/CORE]: Incorrect key server.advancedPickupUpgrade was corrected from null to its default, SimpleCommentedConfig:{}. 
[03Aug2025 01:19:54.128] [Server thread/WARN] [net.minecraftforge.common.ForgeConfigSpec/CORE]: Incorrect key server.advancedPickupUpgrade.filterSlots was corrected from null to its default, 16. 
[03Aug2025 01:19:54.128] [Server thread/WARN] [net.minecraftforge.common.ForgeConfigSpec/CORE]: Incorrect key server.advancedPickupUpgrade.slotsInRow was corrected from null to its default, 4. 
[03Aug2025 01:19:54.128] [Server thread/WARN] [net.minecraftforge.common.ForgeConfigSpec/CORE]: Incorrect key server.refillUpgrade was corrected from null to its default, SimpleCommentedConfig:{}. 
[03Aug2025 01:19:54.128] [Server thread/WARN] [net.minecraftforge.common.ForgeConfigSpec/CORE]: Incorrect key server.refillUpgrade.filterSlots was corrected from null to its default, 6. 
[03Aug2025 01:19:54.129] [Server thread/WARN] [net.minecraftforge.common.ForgeConfigSpec/CORE]: Incorrect key server.refillUpgrade.slotsInRow was corrected from null to its default, 3. 
[03Aug2025 01:19:54.129] [Server thread/WARN] [net.minecraftforge.common.ForgeConfigSpec/CORE]: Incorrect key server.advancedRefillUpgrade was corrected from null to its default, SimpleCommentedConfig:{}. 
[03Aug2025 01:19:54.129] [Server thread/WARN] [net.minecraftforge.common.ForgeConfigSpec/CORE]: Incorrect key server.advancedRefillUpgrade.filterSlots was corrected from null to its default, 12. 
[03Aug2025 01:19:54.129] [Server thread/WARN] [net.minecraftforge.common.ForgeConfigSpec/CORE]: Incorrect key server.advancedRefillUpgrade.slotsInRow was corrected from null to its default, 4. 
[03Aug2025 01:19:54.129] [Server thread/WARN] [net.minecraftforge.common.ForgeConfigSpec/CORE]: Incorrect key server.restockUpgrade was corrected from null to its default, SimpleCommentedConfig:{}. 
[03Aug2025 01:19:54.130] [Server thread/WARN] [net.minecraftforge.common.ForgeConfigSpec/CORE]: Incorrect key server.restockUpgrade.filterSlots was corrected from null to its default, 9. 
[03Aug2025 01:19:54.130] [Server thread/WARN] [net.minecraftforge.common.ForgeConfigSpec/CORE]: Incorrect key server.restockUpgrade.slotsInRow was corrected from null to its default, 3. 
[03Aug2025 01:19:54.130] [Server thread/WARN] [net.minecraftforge.common.ForgeConfigSpec/CORE]: Incorrect key server.advancedRestockUpgrade was corrected from null to its default, SimpleCommentedConfig:{}. 
[03Aug2025 01:19:54.130] [Server thread/WARN] [net.minecraftforge.common.ForgeConfigSpec/CORE]: Incorrect key server.advancedRestockUpgrade.filterSlots was corrected from null to its default, 16. 
[03Aug2025 01:19:54.131] [Server thread/WARN] [net.minecraftforge.common.ForgeConfigSpec/CORE]: Incorrect key server.advancedRestockUpgrade.slotsInRow was corrected from null to its default, 4. 
[03Aug2025 01:19:54.131] [Server thread/WARN] [net.minecraftforge.common.ForgeConfigSpec/CORE]: Incorrect key server.voidUpgrade was corrected from null to its default, SimpleCommentedConfig:{}. 
[03Aug2025 01:19:54.131] [Server thread/WARN] [net.minecraftforge.common.ForgeConfigSpec/CORE]: Incorrect key server.voidUpgrade.filterSlots was corrected from null to its default, 9. 
[03Aug2025 01:19:54.131] [Server thread/WARN] [net.minecraftforge.common.ForgeConfigSpec/CORE]: Incorrect key server.voidUpgrade.slotsInRow was corrected from null to its default, 3. 
[03Aug2025 01:19:54.131] [Server thread/WARN] [net.minecraftforge.common.ForgeConfigSpec/CORE]: Incorrect key server.voidUpgrade.voidAnythingEnabled was corrected from null to its default, true. 
[03Aug2025 01:19:54.132] [Server thread/WARN] [net.minecraftforge.common.ForgeConfigSpec/CORE]: Incorrect key server.advancedVoidUpgrade was corrected from null to its default, SimpleCommentedConfig:{}. 
[03Aug2025 01:19:54.132] [Server thread/WARN] [net.minecraftforge.common.ForgeConfigSpec/CORE]: Incorrect key server.advancedVoidUpgrade.filterSlots was corrected from null to its default, 16. 
[03Aug2025 01:19:54.132] [Server thread/WARN] [net.minecraftforge.common.ForgeConfigSpec/CORE]: Incorrect key server.advancedVoidUpgrade.slotsInRow was corrected from null to its default, 4. 
[03Aug2025 01:19:54.132] [Server thread/WARN] [net.minecraftforge.common.ForgeConfigSpec/CORE]: Incorrect key server.advancedVoidUpgrade.voidAnythingEnabled was corrected from null to its default, true. 
[03Aug2025 01:19:54.133] [Server thread/WARN] [net.minecraftforge.common.ForgeConfigSpec/CORE]: Incorrect key server.stackUpgrade was corrected from null to its default, SimpleCommentedConfig:{}. 
[03Aug2025 01:19:54.133] [Server thread/WARN] [net.minecraftforge.common.ForgeConfigSpec/CORE]: Incorrect key server.stackUpgrade.nonStackableItems was corrected from null to its default, [minecraft:bundle, minecraft:shulker_box, minecraft:white_shulker_box, minecraft:orange_shulker_box, minecraft:magenta_shulker_box, minecraft:light_blue_shulker_box, minecraft:yellow_shulker_box, minecraft:lime_shulker_box, minecraft:pink_shulker_box, minecraft:gray_shulker_box, minecraft:light_gray_shulker_box, minecraft:cyan_shulker_box, minecraft:purple_shulker_box, minecraft:blue_shulker_box, minecraft:brown_shulker_box, minecraft:green_shulker_box, minecraft:red_shulker_box, minecraft:black_shulker_box]. 
[03Aug2025 01:19:54.133] [Server thread/WARN] [net.minecraftforge.common.ForgeConfigSpec/CORE]: Incorrect key server.smeltingUpgrade was corrected from null to its default, SimpleCommentedConfig:{}. 
[03Aug2025 01:19:54.134] [Server thread/WARN] [net.minecraftforge.common.ForgeConfigSpec/CORE]: Incorrect key server.smeltingUpgrade.smeltingSpeedMultiplier was corrected from null to its default, 1.0. 
[03Aug2025 01:19:54.134] [Server thread/WARN] [net.minecraftforge.common.ForgeConfigSpec/CORE]: Incorrect key server.smeltingUpgrade.fuelEfficiencyMultiplier was corrected from null to its default, 1.0. 
[03Aug2025 01:19:54.134] [Server thread/WARN] [net.minecraftforge.common.ForgeConfigSpec/CORE]: Incorrect key server.smokingUpgrade was corrected from null to its default, SimpleCommentedConfig:{}. 
[03Aug2025 01:19:54.134] [Server thread/WARN] [net.minecraftforge.common.ForgeConfigSpec/CORE]: Incorrect key server.smokingUpgrade.smeltingSpeedMultiplier was corrected from null to its default, 1.0. 
[03Aug2025 01:19:54.134] [Server thread/WARN] [net.minecraftforge.common.ForgeConfigSpec/CORE]: Incorrect key server.smokingUpgrade.fuelEfficiencyMultiplier was corrected from null to its default, 1.0. 
[03Aug2025 01:19:54.135] [Server thread/WARN] [net.minecraftforge.common.ForgeConfigSpec/CORE]: Incorrect key server.blastingUpgrade was corrected from null to its default, SimpleCommentedConfig:{}. 
[03Aug2025 01:19:54.135] [Server thread/WARN] [net.minecraftforge.common.ForgeConfigSpec/CORE]: Incorrect key server.blastingUpgrade.smeltingSpeedMultiplier was corrected from null to its default, 1.0. 
[03Aug2025 01:19:54.135] [Server thread/WARN] [net.minecraftforge.common.ForgeConfigSpec/CORE]: Incorrect key server.blastingUpgrade.fuelEfficiencyMultiplier was corrected from null to its default, 1.0. 
[03Aug2025 01:19:54.135] [Server thread/WARN] [net.minecraftforge.common.ForgeConfigSpec/CORE]: Incorrect key server.autoSmeltingUpgrade was corrected from null to its default, SimpleCommentedConfig:{}. 
[03Aug2025 01:19:54.136] [Server thread/WARN] [net.minecraftforge.common.ForgeConfigSpec/CORE]: Incorrect key server.autoSmeltingUpgrade.smeltingSpeedMultiplier was corrected from null to its default, 1.0. 
[03Aug2025 01:19:54.136] [Server thread/WARN] [net.minecraftforge.common.ForgeConfigSpec/CORE]: Incorrect key server.autoSmeltingUpgrade.fuelEfficiencyMultiplier was corrected from null to its default, 1.0. 
[03Aug2025 01:19:54.136] [Server thread/WARN] [net.minecraftforge.common.ForgeConfigSpec/CORE]: Incorrect key server.autoSmeltingUpgrade.inputFilterSlots was corrected from null to its default, 8. 
[03Aug2025 01:19:54.136] [Server thread/WARN] [net.minecraftforge.common.ForgeConfigSpec/CORE]: Incorrect key server.autoSmeltingUpgrade.inputFilterSlotsInRow was corrected from null to its default, 4. 
[03Aug2025 01:19:54.137] [Server thread/WARN] [net.minecraftforge.common.ForgeConfigSpec/CORE]: Incorrect key server.autoSmeltingUpgrade.fuelFilterSlots was corrected from null to its default, 4. 
[03Aug2025 01:19:54.137] [Server thread/WARN] [net.minecraftforge.common.ForgeConfigSpec/CORE]: Incorrect key server.autoSmeltingUpgrade.fuelFilterSlotsInRow was corrected from null to its default, 4. 
[03Aug2025 01:19:54.137] [Server thread/WARN] [net.minecraftforge.common.ForgeConfigSpec/CORE]: Incorrect key server.autoSmokingUpgrade was corrected from null to its default, SimpleCommentedConfig:{}. 
[03Aug2025 01:19:54.137] [Server thread/WARN] [net.minecraftforge.common.ForgeConfigSpec/CORE]: Incorrect key server.autoSmokingUpgrade.smeltingSpeedMultiplier was corrected from null to its default, 1.0. 
[03Aug2025 01:19:54.137] [Server thread/WARN] [net.minecraftforge.common.ForgeConfigSpec/CORE]: Incorrect key server.autoSmokingUpgrade.fuelEfficiencyMultiplier was corrected from null to its default, 1.0. 
[03Aug2025 01:19:54.138] [Server thread/WARN] [net.minecraftforge.common.ForgeConfigSpec/CORE]: Incorrect key server.autoSmokingUpgrade.inputFilterSlots was corrected from null to its default, 8. 
[03Aug2025 01:19:54.138] [Server thread/WARN] [net.minecraftforge.common.ForgeConfigSpec/CORE]: Incorrect key server.autoSmokingUpgrade.inputFilterSlotsInRow was corrected from null to its default, 4. 
[03Aug2025 01:19:54.138] [Server thread/WARN] [net.minecraftforge.common.ForgeConfigSpec/CORE]: Incorrect key server.autoSmokingUpgrade.fuelFilterSlots was corrected from null to its default, 4. 
[03Aug2025 01:19:54.138] [Server thread/WARN] [net.minecraftforge.common.ForgeConfigSpec/CORE]: Incorrect key server.autoSmokingUpgrade.fuelFilterSlotsInRow was corrected from null to its default, 4. 
[03Aug2025 01:19:54.139] [Server thread/WARN] [net.minecraftforge.common.ForgeConfigSpec/CORE]: Incorrect key server.autoBlastingUpgrade was corrected from null to its default, SimpleCommentedConfig:{}. 
[03Aug2025 01:19:54.139] [Server thread/WARN] [net.minecraftforge.common.ForgeConfigSpec/CORE]: Incorrect key server.autoBlastingUpgrade.smeltingSpeedMultiplier was corrected from null to its default, 1.0. 
[03Aug2025 01:19:54.139] [Server thread/WARN] [net.minecraftforge.common.ForgeConfigSpec/CORE]: Incorrect key server.autoBlastingUpgrade.fuelEfficiencyMultiplier was corrected from null to its default, 1.0. 
[03Aug2025 01:19:54.139] [Server thread/WARN] [net.minecraftforge.common.ForgeConfigSpec/CORE]: Incorrect key server.autoBlastingUpgrade.inputFilterSlots was corrected from null to its default, 8. 
[03Aug2025 01:19:54.139] [Server thread/WARN] [net.minecraftforge.common.ForgeConfigSpec/CORE]: Incorrect key server.autoBlastingUpgrade.inputFilterSlotsInRow was corrected from null to its default, 4. 
[03Aug2025 01:19:54.140] [Server thread/WARN] [net.minecraftforge.common.ForgeConfigSpec/CORE]: Incorrect key server.autoBlastingUpgrade.fuelFilterSlots was corrected from null to its default, 4. 
[03Aug2025 01:19:54.140] [Server thread/WARN] [net.minecraftforge.common.ForgeConfigSpec/CORE]: Incorrect key server.autoBlastingUpgrade.fuelFilterSlotsInRow was corrected from null to its default, 4. 
[03Aug2025 01:19:54.140] [Server thread/WARN] [net.minecraftforge.common.ForgeConfigSpec/CORE]: Incorrect key server.inceptionUpgrade was corrected from null to its default, SimpleCommentedConfig:{}. 
[03Aug2025 01:19:54.140] [Server thread/WARN] [net.minecraftforge.common.ForgeConfigSpec/CORE]: Incorrect key server.inceptionUpgrade.upgradesUseInventoriesOfBackpacksInBackpack was corrected from null to its default, true. 
[03Aug2025 01:19:54.141] [Server thread/WARN] [net.minecraftforge.common.ForgeConfigSpec/CORE]: Incorrect key server.inceptionUpgrade.upgradesInContainedBackpacksAreFunctional was corrected from null to its default, true. 
[03Aug2025 01:19:54.141] [Server thread/WARN] [net.minecraftforge.common.ForgeConfigSpec/CORE]: Incorrect key server.toolSwapperUpgrade was corrected from null to its default, SimpleCommentedConfig:{}. 
[03Aug2025 01:19:54.141] [Server thread/WARN] [net.minecraftforge.common.ForgeConfigSpec/CORE]: Incorrect key server.toolSwapperUpgrade.filterSlots was corrected from null to its default, 8. 
[03Aug2025 01:19:54.141] [Server thread/WARN] [net.minecraftforge.common.ForgeConfigSpec/CORE]: Incorrect key server.toolSwapperUpgrade.slotsInRow was corrected from null to its default, 4. 
[03Aug2025 01:19:54.141] [Server thread/WARN] [net.minecraftforge.common.ForgeConfigSpec/CORE]: Incorrect key server.tankUpgrade was corrected from null to its default, SimpleCommentedConfig:{}. 
[03Aug2025 01:19:54.142] [Server thread/WARN] [net.minecraftforge.common.ForgeConfigSpec/CORE]: Incorrect key server.tankUpgrade.capacityPerSlotRow was corrected from null to its default, 4000. 
[03Aug2025 01:19:54.142] [Server thread/WARN] [net.minecraftforge.common.ForgeConfigSpec/CORE]: Incorrect key server.tankUpgrade.stackMultiplierRatio was corrected from null to its default, 1.0. 
[03Aug2025 01:19:54.142] [Server thread/WARN] [net.minecraftforge.common.ForgeConfigSpec/CORE]: Incorrect key server.tankUpgrade.autoFillDrainContainerCooldown was corrected from null to its default, 20. 
[03Aug2025 01:19:54.142] [Server thread/WARN] [net.minecraftforge.common.ForgeConfigSpec/CORE]: Incorrect key server.tankUpgrade.maxInputOutput was corrected from null to its default, 20. 
[03Aug2025 01:19:54.143] [Server thread/WARN] [net.minecraftforge.common.ForgeConfigSpec/CORE]: Incorrect key server.tankUpgrade.energyPerSlotRow was corrected from null to its default, 10000. 
[03Aug2025 01:19:54.143] [Server thread/WARN] [net.minecraftforge.common.ForgeConfigSpec/CORE]: Incorrect key server.pumpUpgrade was corrected from null to its default, SimpleCommentedConfig:{}. 
[03Aug2025 01:19:54.143] [Server thread/WARN] [net.minecraftforge.common.ForgeConfigSpec/CORE]: Incorrect key server.pumpUpgrade.filterSlots was corrected from null to its default, 4. 
[03Aug2025 01:19:54.143] [Server thread/WARN] [net.minecraftforge.common.ForgeConfigSpec/CORE]: Incorrect key server.pumpUpgrade.maxInputOutput was corrected from null to its default, 20. 
[03Aug2025 01:19:54.143] [Server thread/WARN] [net.minecraftforge.common.ForgeConfigSpec/CORE]: Incorrect key server.pumpUpgrade.stackMultiplierRatio was corrected from null to its default, 1.0. 
[03Aug2025 01:19:54.143] [Server thread/WARN] [net.minecraftforge.common.ForgeConfigSpec/CORE]: Incorrect key server.xpPumpUpgrade was corrected from null to its default, SimpleCommentedConfig:{}. 
[03Aug2025 01:19:54.144] [Server thread/WARN] [net.minecraftforge.common.ForgeConfigSpec/CORE]: Incorrect key server.xpPumpUpgrade.mendingOn was corrected from null to its default, true. 
[03Aug2025 01:19:54.144] [Server thread/WARN] [net.minecraftforge.common.ForgeConfigSpec/CORE]: Incorrect key server.xpPumpUpgrade.maxXpPointsPerMending was corrected from null to its default, 5. 
[03Aug2025 01:19:54.144] [Server thread/WARN] [net.minecraftforge.common.ForgeConfigSpec/CORE]: Incorrect key server.advancedJukeboxUpgrade was corrected from null to its default, SimpleCommentedConfig:{}. 
[03Aug2025 01:19:54.144] [Server thread/WARN] [net.minecraftforge.common.ForgeConfigSpec/CORE]: Incorrect key server.advancedJukeboxUpgrade.numberOfSlots was corrected from null to its default, 12. 
[03Aug2025 01:19:54.144] [Server thread/WARN] [net.minecraftforge.common.ForgeConfigSpec/CORE]: Incorrect key server.advancedJukeboxUpgrade.slotsInRow was corrected from null to its default, 4. 
[03Aug2025 01:19:54.145] [Server thread/WARN] [net.minecraftforge.common.ForgeConfigSpec/CORE]: Incorrect key server.alchemyUpgrade was corrected from null to its default, SimpleCommentedConfig:{}. 
[03Aug2025 01:19:54.145] [Server thread/WARN] [net.minecraftforge.common.ForgeConfigSpec/CORE]: Incorrect key server.alchemyUpgrade.filterSlots was corrected from null to its default, 4. 
[03Aug2025 01:19:54.145] [Server thread/WARN] [net.minecraftforge.common.ForgeConfigSpec/CORE]: Incorrect key server.advancedAlchemyUpgrade was corrected from null to its default, SimpleCommentedConfig:{}. 
[03Aug2025 01:19:54.145] [Server thread/WARN] [net.minecraftforge.common.ForgeConfigSpec/CORE]: Incorrect key server.advancedAlchemyUpgrade.filterSlots was corrected from null to its default, 8. 
[03Aug2025 01:19:54.145] [Server thread/WARN] [net.minecraftforge.common.ForgeConfigSpec/CORE]: Incorrect key server.entityBackpackAdditions was corrected from null to its default, SimpleCommentedConfig:{}. 
[03Aug2025 01:19:54.146] [Server thread/WARN] [net.minecraftforge.common.ForgeConfigSpec/CORE]: Incorrect key server.entityBackpackAdditions.chance was corrected from null to its default, 0.01. 
[03Aug2025 01:19:54.146] [Server thread/WARN] [net.minecraftforge.common.ForgeConfigSpec/CORE]: Incorrect key server.entityBackpackAdditions.addLoot was corrected from null to its default, true. 
[03Aug2025 01:19:54.146] [Server thread/WARN] [net.minecraftforge.common.ForgeConfigSpec/CORE]: Incorrect key server.entityBackpackAdditions.buffWithPotionEffects was corrected from null to its default, true. 
[03Aug2025 01:19:54.146] [Server thread/WARN] [net.minecraftforge.common.ForgeConfigSpec/CORE]: Incorrect key server.entityBackpackAdditions.buffHealth was corrected from null to its default, true. 
[03Aug2025 01:19:54.146] [Server thread/WARN] [net.minecraftforge.common.ForgeConfigSpec/CORE]: Incorrect key server.entityBackpackAdditions.equipWithArmor was corrected from null to its default, true. 
[03Aug2025 01:19:54.147] [Server thread/WARN] [net.minecraftforge.common.ForgeConfigSpec/CORE]: Incorrect key server.entityBackpackAdditions.entityLootTableList was corrected from null to its default, [minecraft:creeper|minecraft:chests/desert_pyramid, minecraft:drowned|minecraft:chests/shipwreck_treasure, minecraft:enderman|minecraft:chests/end_city_treasure, minecraft:evoker|minecraft:chests/woodland_mansion, minecraft:husk|minecraft:chests/desert_pyramid, minecraft:piglin|minecraft:chests/bastion_bridge, minecraft:piglin_brute|minecraft:chests/bastion_treasure, minecraft:pillager|minecraft:chests/pillager_outpost, minecraft:skeleton|minecraft:chests/simple_dungeon, minecraft:stray|minecraft:chests/igloo_chest, minecraft:vex|minecraft:chests/woodland_mansion, minecraft:vindicator|minecraft:chests/woodland_mansion, minecraft:witch|minecraft:chests/buried_treasure, minecraft:wither_skeleton|minecraft:chests/nether_bridge, minecraft:zombie|minecraft:chests/simple_dungeon, minecraft:zombie_villager|minecraft:chests/village/village_armorer, minecraft:zombified_piglin|minecraft:chests/bastion_other]. 
[03Aug2025 01:19:54.148] [Server thread/WARN] [net.minecraftforge.common.ForgeConfigSpec/CORE]: Incorrect key server.entityBackpackAdditions.discBlockList was corrected from null to its default, [botania:record_gaia_1, botania:record_gaia_2]. 
[03Aug2025 01:19:54.148] [Server thread/WARN] [net.minecraftforge.common.ForgeConfigSpec/CORE]: Incorrect key server.entityBackpackAdditions.playJukebox was corrected from null to its default, true. 
[03Aug2025 01:19:54.148] [Server thread/WARN] [net.minecraftforge.common.ForgeConfigSpec/CORE]: Incorrect key server.entityBackpackAdditions.dropToFakePlayers was corrected from null to its default, false. 
[03Aug2025 01:19:54.148] [Server thread/WARN] [net.minecraftforge.common.ForgeConfigSpec/CORE]: Incorrect key server.entityBackpackAdditions.backpackDropChance was corrected from null to its default, 0.5. 
[03Aug2025 01:19:54.149] [Server thread/WARN] [net.minecraftforge.common.ForgeConfigSpec/CORE]: Incorrect key server.entityBackpackAdditions.lootingChanceIncreasePerLevel was corrected from null to its default, 0.15. 
[03Aug2025 01:19:54.149] [Server thread/WARN] [net.minecraftforge.common.ForgeConfigSpec/CORE]: Incorrect key server.nerfs was corrected from null to its default, SimpleCommentedConfig:{}. 
[03Aug2025 01:19:54.149] [Server thread/WARN] [net.minecraftforge.common.ForgeConfigSpec/CORE]: Incorrect key server.nerfs.tooManyBackpacksSlowness was corrected from null to its default, false. 
[03Aug2025 01:19:54.149] [Server thread/WARN] [net.minecraftforge.common.ForgeConfigSpec/CORE]: Incorrect key server.nerfs.maxNumberOfBackpacks was corrected from null to its default, 3. 
[03Aug2025 01:19:54.150] [Server thread/WARN] [net.minecraftforge.common.ForgeConfigSpec/CORE]: Incorrect key server.nerfs.slownessLevelsPerAdditionalBackpack was corrected from null to its default, 1.0. 
[03Aug2025 01:19:54.150] [Server thread/WARN] [net.minecraftforge.common.ForgeConfigSpec/CORE]: Incorrect key server.nerfs.onlyWornBackpackTriggersUpgrades was corrected from null to its default, false. 
[03Aug2025 01:19:54.150] [Server thread/WARN] [net.minecraftforge.common.ForgeConfigSpec/CORE]: Incorrect key server.maxUpgradesPerStorage was corrected from null to its default, [furnace_upgrades|1, jukebox_upgrades|1, stack_upgrades|3]. 
[03Aug2025 01:19:54.150] [Server thread/WARN] [net.minecraftforge.common.ForgeConfigSpec/CORE]: Incorrect key server.itemFluidHandlerEnabled was corrected from null to its default, true. 
[03Aug2025 01:19:54.151] [Server thread/WARN] [net.minecraftforge.common.ForgeConfigSpec/CORE]: Incorrect key server.allowOpeningOtherPlayerBackpacks was corrected from null to its default, true. 
[03Aug2025 01:19:54.151] [Server thread/WARN] [net.minecraftforge.common.ForgeConfigSpec/CORE]: Incorrect key server.itemDisplayDisabled was corrected from null to its default, false. 
[03Aug2025 01:19:54.151] [Server thread/WARN] [net.minecraftforge.common.ForgeConfigSpec/CORE]: Incorrect key server.tickDedupeLogicDisabled was corrected from null to its default, false. 
[03Aug2025 01:19:54.151] [Server thread/WARN] [net.minecraftforge.common.ForgeConfigSpec/CORE]: Incorrect key server.canBePlacedInContainerItems was corrected from null to its default, false. 
[03Aug2025 01:19:54.156] [Server thread/WARN] [net.minecraftforge.common.ForgeConfigSpec/CORE]: Configuration file ./world/serverconfig/forge-server.toml is not correct. Correcting
[03Aug2025 01:19:54.157] [Server thread/WARN] [net.minecraftforge.common.ForgeConfigSpec/CORE]: Incorrect key server was corrected from null to its default, SimpleCommentedConfig:{}. 
[03Aug2025 01:19:54.157] [Server thread/WARN] [net.minecraftforge.common.ForgeConfigSpec/CORE]: Incorrect key server.removeErroringBlockEntities was corrected from null to its default, false. 
[03Aug2025 01:19:54.157] [Server thread/WARN] [net.minecraftforge.common.ForgeConfigSpec/CORE]: Incorrect key server.removeErroringEntities was corrected from null to its default, false. 
[03Aug2025 01:19:54.157] [Server thread/WARN] [net.minecraftforge.common.ForgeConfigSpec/CORE]: Incorrect key server.fullBoundingBoxLadders was corrected from null to its default, false. 
[03Aug2025 01:19:54.157] [Server thread/WARN] [net.minecraftforge.common.ForgeConfigSpec/CORE]: Incorrect key server.zombieBaseSummonChance was corrected from null to its default, 0.1. 
[03Aug2025 01:19:54.158] [Server thread/WARN] [net.minecraftforge.common.ForgeConfigSpec/CORE]: Incorrect key server.zombieBabyChance was corrected from null to its default, 0.05. 
[03Aug2025 01:19:54.158] [Server thread/WARN] [net.minecraftforge.common.ForgeConfigSpec/CORE]: Incorrect key server.permissionHandler was corrected from null to its default, forge:default_handler. 
[03Aug2025 01:19:54.158] [Server thread/WARN] [net.minecraftforge.common.ForgeConfigSpec/CORE]: Incorrect key server.advertiseDedicatedServerToLan was corrected from null to its default, true. 
[03Aug2025 01:19:54.160] [Server thread/WARN] [net.minecraftforge.common.ForgeConfigSpec/CORE]: Configuration file ./world/serverconfig/car-server.toml is not correct. Correcting
[03Aug2025 01:19:54.160] [Server thread/WARN] [net.minecraftforge.common.ForgeConfigSpec/CORE]: Incorrect key machines was corrected from null to its default, SimpleCommentedConfig:{}. 
[03Aug2025 01:19:54.160] [Server thread/WARN] [net.minecraftforge.common.ForgeConfigSpec/CORE]: Incorrect key machines.backmix_reactor was corrected from null to its default, SimpleCommentedConfig:{}. 
[03Aug2025 01:19:54.161] [Server thread/WARN] [net.minecraftforge.common.ForgeConfigSpec/CORE]: Incorrect key machines.backmix_reactor.energy_storage was corrected from null to its default, 10000. 
[03Aug2025 01:19:54.161] [Server thread/WARN] [net.minecraftforge.common.ForgeConfigSpec/CORE]: Incorrect key machines.backmix_reactor.energy_usage was corrected from null to its default, 10. 
[03Aug2025 01:19:54.161] [Server thread/WARN] [net.minecraftforge.common.ForgeConfigSpec/CORE]: Incorrect key machines.backmix_reactor.fluid_storage was corrected from null to its default, 3000. 
[03Aug2025 01:19:54.161] [Server thread/WARN] [net.minecraftforge.common.ForgeConfigSpec/CORE]: Incorrect key machines.backmix_reactor.generating_time was corrected from null to its default, 200. 
[03Aug2025 01:19:54.162] [Server thread/WARN] [net.minecraftforge.common.ForgeConfigSpec/CORE]: Incorrect key machines.backmix_reactor.mix_generation was corrected from null to its default, 100. 
[03Aug2025 01:19:54.162] [Server thread/WARN] [net.minecraftforge.common.ForgeConfigSpec/CORE]: Incorrect key machines.backmix_reactor.methanol_usage was corrected from null to its default, 50. 
[03Aug2025 01:19:54.162] [Server thread/WARN] [net.minecraftforge.common.ForgeConfigSpec/CORE]: Incorrect key machines.backmix_reactor.canola_usage was corrected from null to its default, 50. 
[03Aug2025 01:19:54.162] [Server thread/WARN] [net.minecraftforge.common.ForgeConfigSpec/CORE]: Incorrect key machines.blast_furnace was corrected from null to its default, SimpleCommentedConfig:{}. 
[03Aug2025 01:19:54.162] [Server thread/WARN] [net.minecraftforge.common.ForgeConfigSpec/CORE]: Incorrect key machines.blast_furnace.energy_storage was corrected from null to its default, 10000. 
[03Aug2025 01:19:54.163] [Server thread/WARN] [net.minecraftforge.common.ForgeConfigSpec/CORE]: Incorrect key machines.blast_furnace.fluid_storage was corrected from null to its default, 3000. 
[03Aug2025 01:19:54.163] [Server thread/WARN] [net.minecraftforge.common.ForgeConfigSpec/CORE]: Incorrect key machines.oil_mill was corrected from null to its default, SimpleCommentedConfig:{}. 
[03Aug2025 01:19:54.163] [Server thread/WARN] [net.minecraftforge.common.ForgeConfigSpec/CORE]: Incorrect key machines.oil_mill.energy_storage was corrected from null to its default, 10000. 
[03Aug2025 01:19:54.163] [Server thread/WARN] [net.minecraftforge.common.ForgeConfigSpec/CORE]: Incorrect key machines.oil_mill.fluid_storage was corrected from null to its default, 3000. 
[03Aug2025 01:19:54.163] [Server thread/WARN] [net.minecraftforge.common.ForgeConfigSpec/CORE]: Incorrect key machines.cable was corrected from null to its default, SimpleCommentedConfig:{}. 
[03Aug2025 01:19:54.163] [Server thread/WARN] [net.minecraftforge.common.ForgeConfigSpec/CORE]: Incorrect key machines.cable.transfer_rate was corrected from null to its default, 256. 
[03Aug2025 01:19:54.164] [Server thread/WARN] [net.minecraftforge.common.ForgeConfigSpec/CORE]: Incorrect key machines.dynamo was corrected from null to its default, SimpleCommentedConfig:{}. 
[03Aug2025 01:19:54.164] [Server thread/WARN] [net.minecraftforge.common.ForgeConfigSpec/CORE]: Incorrect key machines.dynamo.energy_storage was corrected from null to its default, 1000. 
[03Aug2025 01:19:54.164] [Server thread/WARN] [net.minecraftforge.common.ForgeConfigSpec/CORE]: Incorrect key machines.dynamo.energy_generation was corrected from null to its default, 25. 
[03Aug2025 01:19:54.164] [Server thread/WARN] [net.minecraftforge.common.ForgeConfigSpec/CORE]: Incorrect key machines.fluid_extractor was corrected from null to its default, SimpleCommentedConfig:{}. 
[03Aug2025 01:19:54.165] [Server thread/WARN] [net.minecraftforge.common.ForgeConfigSpec/CORE]: Incorrect key machines.fluid_extractor.drain_speed was corrected from null to its default, 25. 
[03Aug2025 01:19:54.165] [Server thread/WARN] [net.minecraftforge.common.ForgeConfigSpec/CORE]: Incorrect key machines.gas_station was corrected from null to its default, SimpleCommentedConfig:{}. 
[03Aug2025 01:19:54.165] [Server thread/WARN] [net.minecraftforge.common.ForgeConfigSpec/CORE]: Incorrect key machines.gas_station.transfer_rate was corrected from null to its default, 5. 
[03Aug2025 01:19:54.165] [Server thread/WARN] [net.minecraftforge.common.ForgeConfigSpec/CORE]: Incorrect key machines.gas_station.valid_fuels was corrected from null to its default, [#car:gas_station]. 
[03Aug2025 01:19:54.166] [Server thread/WARN] [net.minecraftforge.common.ForgeConfigSpec/CORE]: Incorrect key machines.generator was corrected from null to its default, SimpleCommentedConfig:{}. 
[03Aug2025 01:19:54.166] [Server thread/WARN] [net.minecraftforge.common.ForgeConfigSpec/CORE]: Incorrect key machines.generator.energy_storage was corrected from null to its default, 30000. 
[03Aug2025 01:19:54.166] [Server thread/WARN] [net.minecraftforge.common.ForgeConfigSpec/CORE]: Incorrect key machines.generator.fluid_storage was corrected from null to its default, 3000. 
[03Aug2025 01:19:54.166] [Server thread/WARN] [net.minecraftforge.common.ForgeConfigSpec/CORE]: Incorrect key machines.generator.energy_generation was corrected from null to its default, 500. 
[03Aug2025 01:19:54.166] [Server thread/WARN] [net.minecraftforge.common.ForgeConfigSpec/CORE]: Incorrect key machines.generator.valid_fuels was corrected from null to its default, [#car:generator]. 
[03Aug2025 01:19:54.167] [Server thread/WARN] [net.minecraftforge.common.ForgeConfigSpec/CORE]: Incorrect key machines.split_tank was corrected from null to its default, SimpleCommentedConfig:{}. 
[03Aug2025 01:19:54.167] [Server thread/WARN] [net.minecraftforge.common.ForgeConfigSpec/CORE]: Incorrect key machines.split_tank.fluid_storage was corrected from null to its default, 3000. 
[03Aug2025 01:19:54.167] [Server thread/WARN] [net.minecraftforge.common.ForgeConfigSpec/CORE]: Incorrect key machines.split_tank.generating_time was corrected from null to its default, 800. 
[03Aug2025 01:19:54.167] [Server thread/WARN] [net.minecraftforge.common.ForgeConfigSpec/CORE]: Incorrect key machines.split_tank.mix_usage was corrected from null to its default, 100. 
[03Aug2025 01:19:54.167] [Server thread/WARN] [net.minecraftforge.common.ForgeConfigSpec/CORE]: Incorrect key machines.split_tank.glycerin_generation was corrected from null to its default, 10. 
[03Aug2025 01:19:54.167] [Server thread/WARN] [net.minecraftforge.common.ForgeConfigSpec/CORE]: Incorrect key machines.split_tank.bio_diesel_generation was corrected from null to its default, 100. 
[03Aug2025 01:19:54.168] [Server thread/WARN] [net.minecraftforge.common.ForgeConfigSpec/CORE]: Incorrect key items was corrected from null to its default, SimpleCommentedConfig:{}. 
[03Aug2025 01:19:54.168] [Server thread/WARN] [net.minecraftforge.common.ForgeConfigSpec/CORE]: Incorrect key items.repair_kit was corrected from null to its default, SimpleCommentedConfig:{}. 
[03Aug2025 01:19:54.168] [Server thread/WARN] [net.minecraftforge.common.ForgeConfigSpec/CORE]: Incorrect key items.repair_kit.repair_amount was corrected from null to its default, 5.0. 
[03Aug2025 01:19:54.169] [Server thread/WARN] [net.minecraftforge.common.ForgeConfigSpec/CORE]: Incorrect key items.canister was corrected from null to its default, SimpleCommentedConfig:{}. 
[03Aug2025 01:19:54.169] [Server thread/WARN] [net.minecraftforge.common.ForgeConfigSpec/CORE]: Incorrect key items.canister.max_fuel was corrected from null to its default, 100. 
[03Aug2025 01:19:54.169] [Server thread/WARN] [net.minecraftforge.common.ForgeConfigSpec/CORE]: Incorrect key car was corrected from null to its default, SimpleCommentedConfig:{}. 
[03Aug2025 01:19:54.169] [Server thread/WARN] [net.minecraftforge.common.ForgeConfigSpec/CORE]: Incorrect key car.collide_with_entities was corrected from null to its default, false. 
[03Aug2025 01:19:54.170] [Server thread/WARN] [net.minecraftforge.common.ForgeConfigSpec/CORE]: Incorrect key car.damage_entities was corrected from null to its default, true. 
[03Aug2025 01:19:54.170] [Server thread/WARN] [net.minecraftforge.common.ForgeConfigSpec/CORE]: Incorrect key car.horn_flee was corrected from null to its default, true. 
[03Aug2025 01:19:54.170] [Server thread/WARN] [net.minecraftforge.common.ForgeConfigSpec/CORE]: Incorrect key car.use_battery was corrected from null to its default, true. 
[03Aug2025 01:19:54.170] [Server thread/WARN] [net.minecraftforge.common.ForgeConfigSpec/CORE]: Incorrect key car.offroad_speed_modifier was corrected from null to its default, 1.0. 
[03Aug2025 01:19:54.170] [Server thread/WARN] [net.minecraftforge.common.ForgeConfigSpec/CORE]: Incorrect key car.onroad_speed_modifier was corrected from null to its default, 1.0. 
[03Aug2025 01:19:54.170] [Server thread/WARN] [net.minecraftforge.common.ForgeConfigSpec/CORE]: Incorrect key car.road_blocks was corrected from null to its default, SimpleCommentedConfig:{}. 
[03Aug2025 01:19:54.171] [Server thread/WARN] [net.minecraftforge.common.ForgeConfigSpec/CORE]: Incorrect key car.road_blocks.blocks was corrected from null to its default, [#car:drivable_blocks]. 
[03Aug2025 01:19:54.171] [Server thread/WARN] [net.minecraftforge.common.ForgeConfigSpec/CORE]: Incorrect key car.parts was corrected from null to its default, SimpleCommentedConfig:{}. 
[03Aug2025 01:19:54.171] [Server thread/WARN] [net.minecraftforge.common.ForgeConfigSpec/CORE]: Incorrect key car.parts.small_tank was corrected from null to its default, SimpleCommentedConfig:{}. 
[03Aug2025 01:19:54.171] [Server thread/WARN] [net.minecraftforge.common.ForgeConfigSpec/CORE]: Incorrect key car.parts.small_tank.max_fuel was corrected from null to its default, 500. 
[03Aug2025 01:19:54.171] [Server thread/WARN] [net.minecraftforge.common.ForgeConfigSpec/CORE]: Incorrect key car.parts.medium_tank was corrected from null to its default, SimpleCommentedConfig:{}. 
[03Aug2025 01:19:54.171] [Server thread/WARN] [net.minecraftforge.common.ForgeConfigSpec/CORE]: Incorrect key car.parts.medium_tank.max_fuel was corrected from null to its default, 1000. 
[03Aug2025 01:19:54.171] [Server thread/WARN] [net.minecraftforge.common.ForgeConfigSpec/CORE]: Incorrect key car.parts.large_tank was corrected from null to its default, SimpleCommentedConfig:{}. 
[03Aug2025 01:19:54.171] [Server thread/WARN] [net.minecraftforge.common.ForgeConfigSpec/CORE]: Incorrect key car.parts.large_tank.max_fuel was corrected from null to its default, 1500. 
[03Aug2025 01:19:54.172] [Server thread/WARN] [net.minecraftforge.common.ForgeConfigSpec/CORE]: Incorrect key car.parts.engine_6_cylinder was corrected from null to its default, SimpleCommentedConfig:{}. 
[03Aug2025 01:19:54.172] [Server thread/WARN] [net.minecraftforge.common.ForgeConfigSpec/CORE]: Incorrect key car.parts.engine_6_cylinder.fuel_efficiency was corrected from null to its default, 0.25. 
[03Aug2025 01:19:54.172] [Server thread/WARN] [net.minecraftforge.common.ForgeConfigSpec/CORE]: Incorrect key car.parts.engine_6_cylinder.acceleration was corrected from null to its default, 0.04. 
[03Aug2025 01:19:54.172] [Server thread/WARN] [net.minecraftforge.common.ForgeConfigSpec/CORE]: Incorrect key car.parts.engine_6_cylinder.max_speed was corrected from null to its default, 0.75. 
[03Aug2025 01:19:54.172] [Server thread/WARN] [net.minecraftforge.common.ForgeConfigSpec/CORE]: Incorrect key car.parts.engine_6_cylinder.max_reverse_speed was corrected from null to its default, 0.2. 
[03Aug2025 01:19:54.172] [Server thread/WARN] [net.minecraftforge.common.ForgeConfigSpec/CORE]: Incorrect key car.parts.engine_3_cylinder was corrected from null to its default, SimpleCommentedConfig:{}. 
[03Aug2025 01:19:54.173] [Server thread/WARN] [net.minecraftforge.common.ForgeConfigSpec/CORE]: Incorrect key car.parts.engine_3_cylinder.fuel_efficiency was corrected from null to its default, 0.5. 
[03Aug2025 01:19:54.173] [Server thread/WARN] [net.minecraftforge.common.ForgeConfigSpec/CORE]: Incorrect key car.parts.engine_3_cylinder.acceleration was corrected from null to its default, 0.035. 
[03Aug2025 01:19:54.173] [Server thread/WARN] [net.minecraftforge.common.ForgeConfigSpec/CORE]: Incorrect key car.parts.engine_3_cylinder.max_speed was corrected from null to its default, 0.65. 
[03Aug2025 01:19:54.173] [Server thread/WARN] [net.minecraftforge.common.ForgeConfigSpec/CORE]: Incorrect key car.parts.engine_3_cylinder.max_reverse_speed was corrected from null to its default, 0.2. 
[03Aug2025 01:19:54.173] [Server thread/WARN] [net.minecraftforge.common.ForgeConfigSpec/CORE]: Incorrect key car.parts.engine_truck was corrected from null to its default, SimpleCommentedConfig:{}. 
[03Aug2025 01:19:54.174] [Server thread/WARN] [net.minecraftforge.common.ForgeConfigSpec/CORE]: Incorrect key car.parts.engine_truck.fuel_efficiency was corrected from null to its default, 0.7. 
[03Aug2025 01:19:54.174] [Server thread/WARN] [net.minecraftforge.common.ForgeConfigSpec/CORE]: Incorrect key car.parts.engine_truck.acceleration was corrected from null to its default, 0.032. 
[03Aug2025 01:19:54.174] [Server thread/WARN] [net.minecraftforge.common.ForgeConfigSpec/CORE]: Incorrect key car.parts.engine_truck.max_speed was corrected from null to its default, 0.6. 
[03Aug2025 01:19:54.174] [Server thread/WARN] [net.minecraftforge.common.ForgeConfigSpec/CORE]: Incorrect key car.parts.engine_truck.max_reverse_speed was corrected from null to its default, 0.15. 
[03Aug2025 01:19:54.174] [Server thread/WARN] [net.minecraftforge.common.ForgeConfigSpec/CORE]: Incorrect key car.parts.body_big_wood was corrected from null to its default, SimpleCommentedConfig:{}. 
[03Aug2025 01:19:54.175] [Server thread/WARN] [net.minecraftforge.common.ForgeConfigSpec/CORE]: Incorrect key car.parts.body_big_wood.fuel_efficiency was corrected from null to its default, 0.7. 
[03Aug2025 01:19:54.175] [Server thread/WARN] [net.minecraftforge.common.ForgeConfigSpec/CORE]: Incorrect key car.parts.body_big_wood.acceleration was corrected from null to its default, 0.95. 
[03Aug2025 01:19:54.175] [Server thread/WARN] [net.minecraftforge.common.ForgeConfigSpec/CORE]: Incorrect key car.parts.body_big_wood.max_speed was corrected from null to its default, 0.85. 
[03Aug2025 01:19:54.175] [Server thread/WARN] [net.minecraftforge.common.ForgeConfigSpec/CORE]: Incorrect key car.parts.body_wood was corrected from null to its default, SimpleCommentedConfig:{}. 
[03Aug2025 01:19:54.175] [Server thread/WARN] [net.minecraftforge.common.ForgeConfigSpec/CORE]: Incorrect key car.parts.body_wood.fuel_efficiency was corrected from null to its default, 0.8. 
[03Aug2025 01:19:54.175] [Server thread/WARN] [net.minecraftforge.common.ForgeConfigSpec/CORE]: Incorrect key car.parts.body_wood.acceleration was corrected from null to its default, 1.0. 
[03Aug2025 01:19:54.176] [Server thread/WARN] [net.minecraftforge.common.ForgeConfigSpec/CORE]: Incorrect key car.parts.body_wood.max_speed was corrected from null to its default, 0.9. 
[03Aug2025 01:19:54.176] [Server thread/WARN] [net.minecraftforge.common.ForgeConfigSpec/CORE]: Incorrect key car.parts.body_sport was corrected from null to its default, SimpleCommentedConfig:{}. 
[03Aug2025 01:19:54.176] [Server thread/WARN] [net.minecraftforge.common.ForgeConfigSpec/CORE]: Incorrect key car.parts.body_sport.fuel_efficiency was corrected from null to its default, 0.9. 
[03Aug2025 01:19:54.176] [Server thread/WARN] [net.minecraftforge.common.ForgeConfigSpec/CORE]: Incorrect key car.parts.body_sport.acceleration was corrected from null to its default, 1.0. 
[03Aug2025 01:19:54.176] [Server thread/WARN] [net.minecraftforge.common.ForgeConfigSpec/CORE]: Incorrect key car.parts.body_sport.max_speed was corrected from null to its default, 1.0. 
[03Aug2025 01:19:54.177] [Server thread/WARN] [net.minecraftforge.common.ForgeConfigSpec/CORE]: Incorrect key car.parts.body_suv was corrected from null to its default, SimpleCommentedConfig:{}. 
[03Aug2025 01:19:54.177] [Server thread/WARN] [net.minecraftforge.common.ForgeConfigSpec/CORE]: Incorrect key car.parts.body_suv.fuel_efficiency was corrected from null to its default, 0.6. 
[03Aug2025 01:19:54.177] [Server thread/WARN] [net.minecraftforge.common.ForgeConfigSpec/CORE]: Incorrect key car.parts.body_suv.acceleration was corrected from null to its default, 0.8. 
[03Aug2025 01:19:54.177] [Server thread/WARN] [net.minecraftforge.common.ForgeConfigSpec/CORE]: Incorrect key car.parts.body_suv.max_speed was corrected from null to its default, 0.7. 
[03Aug2025 01:19:54.177] [Server thread/WARN] [net.minecraftforge.common.ForgeConfigSpec/CORE]: Incorrect key car.parts.body_transporter was corrected from null to its default, SimpleCommentedConfig:{}. 
[03Aug2025 01:19:54.178] [Server thread/WARN] [net.minecraftforge.common.ForgeConfigSpec/CORE]: Incorrect key car.parts.body_transporter.fuel_efficiency was corrected from null to its default, 0.6. 
[03Aug2025 01:19:54.178] [Server thread/WARN] [net.minecraftforge.common.ForgeConfigSpec/CORE]: Incorrect key car.parts.body_transporter.acceleration was corrected from null to its default, 0.8. 
[03Aug2025 01:19:54.178] [Server thread/WARN] [net.minecraftforge.common.ForgeConfigSpec/CORE]: Incorrect key car.parts.body_transporter.max_speed was corrected from null to its default, 0.765. 
[03Aug2025 01:19:54.185] [Server thread/WARN] [net.minecraftforge.common.ForgeConfigSpec/CORE]: Configuration file ./world/serverconfig/gravestone-server.toml is not correct. Correcting
[03Aug2025 01:19:54.186] [Server thread/WARN] [net.minecraftforge.common.ForgeConfigSpec/CORE]: Incorrect key enable_obituary was corrected from null to its default, true. 
[03Aug2025 01:19:54.186] [Server thread/WARN] [net.minecraftforge.common.ForgeConfigSpec/CORE]: Incorrect key replaceable_blocks was corrected from null to its default, [#gravestone:grave_replaceable]. 
[03Aug2025 01:19:54.187] [Server thread/WARN] [net.minecraftforge.common.ForgeConfigSpec/CORE]: Incorrect key remove_obituary was corrected from null to its default, false. 
[03Aug2025 01:19:54.188] [Server thread/WARN] [net.minecraftforge.common.ForgeConfigSpec/CORE]: Incorrect key only_owners_can_break was corrected from null to its default, false. 
[03Aug2025 01:19:54.188] [Server thread/WARN] [net.minecraftforge.common.ForgeConfigSpec/CORE]: Incorrect key spawn_ghost was corrected from null to its default, false. 
[03Aug2025 01:19:54.189] [Server thread/WARN] [net.minecraftforge.common.ForgeConfigSpec/CORE]: Incorrect key friendly_ghost was corrected from null to its default, true. 
[03Aug2025 01:19:54.189] [Server thread/WARN] [net.minecraftforge.common.ForgeConfigSpec/CORE]: Incorrect key sneak_pickup was corrected from null to its default, false. 
[03Aug2025 01:19:54.190] [Server thread/WARN] [net.minecraftforge.common.ForgeConfigSpec/CORE]: Incorrect key break_pickup was corrected from null to its default, true. 
[03Aug2025 01:19:54.191] [Server thread/WARN] [net.minecraftforge.common.ForgeConfigSpec/CORE]: Incorrect key strict_placement was corrected from null to its default, false. 
[03Aug2025 01:19:54.194] [Server thread/WARN] [net.minecraftforge.common.ForgeConfigSpec/CORE]: Configuration file ./world/serverconfig/securitycraft-server.toml is not correct. Correcting
[03Aug2025 01:19:54.194] [Server thread/WARN] [net.minecraftforge.common.ForgeConfigSpec/CORE]: Incorrect key codebreaker_chance was corrected from null to its default, 0.33. 
[03Aug2025 01:19:54.195] [Server thread/WARN] [net.minecraftforge.common.ForgeConfigSpec/CORE]: Incorrect key allowAdminTool was corrected from null to its default, true. 
[03Aug2025 01:19:54.196] [Server thread/WARN] [net.minecraftforge.common.ForgeConfigSpec/CORE]: Incorrect key shouldSpawnFire was corrected from null to its default, true. 
[03Aug2025 01:19:54.197] [Server thread/WARN] [net.minecraftforge.common.ForgeConfigSpec/CORE]: Incorrect key smallerMineExplosion was corrected from null to its default, false. 
[03Aug2025 01:19:54.198] [Server thread/WARN] [net.minecraftforge.common.ForgeConfigSpec/CORE]: Incorrect key mineExplodesWhenInCreative was corrected from null to its default, true. 
[03Aug2025 01:19:54.198] [Server thread/WARN] [net.minecraftforge.common.ForgeConfigSpec/CORE]: Incorrect key mineExplosionsBreakBlocks was corrected from null to its default, true. 
[03Aug2025 01:19:54.200] [Server thread/WARN] [net.minecraftforge.common.ForgeConfigSpec/CORE]: Incorrect key laserBlockRange was corrected from null to its default, 5. 
[03Aug2025 01:19:54.201] [Server thread/WARN] [net.minecraftforge.common.ForgeConfigSpec/CORE]: Incorrect key inventoryScannerRange was corrected from null to its default, 3. 
[03Aug2025 01:19:54.201] [Server thread/WARN] [net.minecraftforge.common.ForgeConfigSpec/CORE]: Incorrect key maxAlarmRange was corrected from null to its default, 100. 
[03Aug2025 01:19:54.202] [Server thread/WARN] [net.minecraftforge.common.ForgeConfigSpec/CORE]: Incorrect key allowBlockClaim was corrected from null to its default, false. 
[03Aug2025 01:19:54.203] [Server thread/WARN] [net.minecraftforge.common.ForgeConfigSpec/CORE]: Incorrect key reinforced_block_tint was corrected from null to its default, true. 
[03Aug2025 01:19:54.204] [Server thread/WARN] [net.minecraftforge.common.ForgeConfigSpec/CORE]: Incorrect key force_reinforced_block_tint was corrected from null to its default, false. 
[03Aug2025 01:19:54.205] [Server thread/WARN] [net.minecraftforge.common.ForgeConfigSpec/CORE]: Incorrect key retinalScannerFace was corrected from null to its default, true. 
[03Aug2025 01:19:54.205] [Server thread/WARN] [net.minecraftforge.common.ForgeConfigSpec/CORE]: Incorrect key enable_team_ownership was corrected from null to its default, false. 
[03Aug2025 01:19:54.206] [Server thread/WARN] [net.minecraftforge.common.ForgeConfigSpec/CORE]: Incorrect key team_ownership_precedence was corrected from null to its default, [FTB_TEAMS, VANILLA]. 
[03Aug2025 01:19:54.207] [Server thread/WARN] [net.minecraftforge.common.ForgeConfigSpec/CORE]: Incorrect key disable_thanks_message was corrected from null to its default, false. 
[03Aug2025 01:19:54.208] [Server thread/WARN] [net.minecraftforge.common.ForgeConfigSpec/CORE]: Incorrect key trick_scanners_with_player_heads was corrected from null to its default, false. 
[03Aug2025 01:19:54.209] [Server thread/WARN] [net.minecraftforge.common.ForgeConfigSpec/CORE]: Incorrect key prevent_reinforced_floor_glitching was corrected from null to its default, false. 
[03Aug2025 01:19:54.210] [Server thread/WARN] [net.minecraftforge.common.ForgeConfigSpec/CORE]: Incorrect key taser_damage was corrected from null to its default, 1.0. 
[03Aug2025 01:19:54.211] [Server thread/WARN] [net.minecraftforge.common.ForgeConfigSpec/CORE]: Incorrect key powered_taser_damage was corrected from null to its default, 2.0. 
[03Aug2025 01:19:54.212] [Server thread/WARN] [net.minecraftforge.common.ForgeConfigSpec/CORE]: Incorrect key taser_effects was corrected from null to its default, [minecraft:weakness|200|2, minecraft:nausea|200|2, minecraft:slowness|200|2]. 
[03Aug2025 01:19:54.213] [Server thread/WARN] [net.minecraftforge.common.ForgeConfigSpec/CORE]: Incorrect key powered_taser_effects was corrected from null to its default, [minecraft:weakness|400|5, minecraft:nausea|400|5, minecraft:slowness|400|5]. 
[03Aug2025 01:19:54.214] [Server thread/WARN] [net.minecraftforge.common.ForgeConfigSpec/CORE]: Incorrect key laser_damage was corrected from null to its default, 10.0. 
[03Aug2025 01:19:54.216] [Server thread/WARN] [net.minecraftforge.common.ForgeConfigSpec/CORE]: Incorrect key incorrectPasscodeDamage was corrected from null to its default, 4. 
[03Aug2025 01:19:54.218] [Server thread/WARN] [net.minecraftforge.common.ForgeConfigSpec/CORE]: Incorrect key sentry_bullet_damage was corrected from null to its default, 2. 
[03Aug2025 01:19:54.219] [Server thread/WARN] [net.minecraftforge.common.ForgeConfigSpec/CORE]: Incorrect key reinforced_suffocation_damage was corrected from null to its default, 5. 
[03Aug2025 01:19:54.221] [Server thread/WARN] [net.minecraftforge.common.ForgeConfigSpec/CORE]: Incorrect key allow_camera_night_vision was corrected from null to its default, true. 
[03Aug2025 01:19:54.222] [Server thread/WARN] [net.minecraftforge.common.ForgeConfigSpec/CORE]: Incorrect key passcode_check_cooldown was corrected from null to its default, 250. 
[03Aug2025 01:19:54.223] [Server thread/WARN] [net.minecraftforge.common.ForgeConfigSpec/CORE]: Incorrect key passcode_spam_log_warning_enabled was corrected from null to its default, true. 
[03Aug2025 01:19:54.224] [Server thread/WARN] [net.minecraftforge.common.ForgeConfigSpec/CORE]: Incorrect key passcode_spam_log_warning was corrected from null to its default, Player "%1$s" tried to enter a passcode into "%2$s" at position [%3$s] too quickly!. 
[03Aug2025 01:19:54.225] [Server thread/WARN] [net.minecraftforge.common.ForgeConfigSpec/CORE]: Incorrect key in_world_un_reinforcing was corrected from null to its default, true. 
[03Aug2025 01:19:54.226] [Server thread/WARN] [net.minecraftforge.common.ForgeConfigSpec/CORE]: Incorrect key frame_feed_viewing_enabled was corrected from null to its default, true. 
[03Aug2025 01:19:54.227] [Server thread/WARN] [net.minecraftforge.common.ForgeConfigSpec/CORE]: Incorrect key frame_feed_view_distance was corrected from null to its default, 16. 
[03Aug2025 01:19:54.228] [Server thread/WARN] [net.minecraftforge.common.ForgeConfigSpec/CORE]: Incorrect key vanilla_tool_block_breaking was corrected from null to its default, true. 
[03Aug2025 01:19:54.229] [Server thread/WARN] [net.minecraftforge.common.ForgeConfigSpec/CORE]: Incorrect key always_drop was corrected from null to its default, true. 
[03Aug2025 01:19:54.230] [Server thread/WARN] [net.minecraftforge.common.ForgeConfigSpec/CORE]: Incorrect key allow_breaking_non_owned_blocks was corrected from null to its default, false. 
[03Aug2025 01:19:54.231] [Server thread/WARN] [net.minecraftforge.common.ForgeConfigSpec/CORE]: Incorrect key non_owned_breaking_slowdown was corrected from null to its default, 1.0. 
[03Aug2025 01:19:54.233] [Server thread/WARN] [net.minecraftforge.common.ForgeConfigSpec/CORE]: Incorrect key sentry_attackable_entities_allowlist was corrected from null to its default, []. 
[03Aug2025 01:19:54.234] [Server thread/WARN] [net.minecraftforge.common.ForgeConfigSpec/CORE]: Incorrect key sentry_attackable_entities_denylist was corrected from null to its default, []. 
[03Aug2025 01:19:54.239] [Server thread/WARN] [net.minecraftforge.common.ForgeConfigSpec/CORE]: Configuration file ./world/serverconfig/fastleafdecay-server.toml is not correct. Correcting
[03Aug2025 01:19:54.240] [Server thread/WARN] [net.minecraftforge.common.ForgeConfigSpec/CORE]: Incorrect key MinimumDecayTime was corrected from null to its default, 4. 
[03Aug2025 01:19:54.241] [Server thread/WARN] [net.minecraftforge.common.ForgeConfigSpec/CORE]: Incorrect key MaximumDecayTime was corrected from null to its default, 11. 
[03Aug2025 01:19:54.242] [Server thread/WARN] [net.minecraftforge.common.ForgeConfigSpec/CORE]: Configuration file ./world/serverconfig/create-server.toml is not correct. Correcting
[03Aug2025 01:19:54.242] [Server thread/WARN] [net.minecraftforge.common.ForgeConfigSpec/CORE]: Incorrect key infrastructure was corrected from null to its default, SimpleCommentedConfig:{}. 
[03Aug2025 01:19:54.243] [Server thread/WARN] [net.minecraftforge.common.ForgeConfigSpec/CORE]: Incorrect key infrastructure.tickrateSyncTimer was corrected from null to its default, 20. 
[03Aug2025 01:19:54.243] [Server thread/WARN] [net.minecraftforge.common.ForgeConfigSpec/CORE]: Incorrect key recipes was corrected from null to its default, SimpleCommentedConfig:{}. 
[03Aug2025 01:19:54.243] [Server thread/WARN] [net.minecraftforge.common.ForgeConfigSpec/CORE]: Incorrect key recipes.bulkPressing was corrected from null to its default, false. 
[03Aug2025 01:19:54.243] [Server thread/WARN] [net.minecraftforge.common.ForgeConfigSpec/CORE]: Incorrect key recipes.bulkCutting was corrected from null to its default, false. 
[03Aug2025 01:19:54.244] [Server thread/WARN] [net.minecraftforge.common.ForgeConfigSpec/CORE]: Incorrect key recipes.allowBrewingInMixer was corrected from null to its default, true. 
[03Aug2025 01:19:54.244] [Server thread/WARN] [net.minecraftforge.common.ForgeConfigSpec/CORE]: Incorrect key recipes.allowShapelessInMixer was corrected from null to its default, true. 
[03Aug2025 01:19:54.244] [Server thread/WARN] [net.minecraftforge.common.ForgeConfigSpec/CORE]: Incorrect key recipes.allowShapedSquareInPress was corrected from null to its default, true. 
[03Aug2025 01:19:54.244] [Server thread/WARN] [net.minecraftforge.common.ForgeConfigSpec/CORE]: Incorrect key recipes.allowRegularCraftingInCrafter was corrected from null to its default, true. 
[03Aug2025 01:19:54.244] [Server thread/WARN] [net.minecraftforge.common.ForgeConfigSpec/CORE]: Incorrect key recipes.maxFireworkIngredientsInCrafter was corrected from null to its default, 9. 
[03Aug2025 01:19:54.244] [Server thread/WARN] [net.minecraftforge.common.ForgeConfigSpec/CORE]: Incorrect key recipes.allowStonecuttingOnSaw was corrected from null to its default, true. 
[03Aug2025 01:19:54.245] [Server thread/WARN] [net.minecraftforge.common.ForgeConfigSpec/CORE]: Incorrect key recipes.allowCastingBySpout was corrected from null to its default, true. 
[03Aug2025 01:19:54.245] [Server thread/WARN] [net.minecraftforge.common.ForgeConfigSpec/CORE]: Incorrect key recipes.displayLogStrippingRecipes was corrected from null to its default, true. 
[03Aug2025 01:19:54.245] [Server thread/WARN] [net.minecraftforge.common.ForgeConfigSpec/CORE]: Incorrect key recipes.lightSourceCountForRefinedRadiance was corrected from null to its default, 10. 
[03Aug2025 01:19:54.245] [Server thread/WARN] [net.minecraftforge.common.ForgeConfigSpec/CORE]: Incorrect key recipes.enableRefinedRadianceRecipe was corrected from null to its default, true. 
[03Aug2025 01:19:54.245] [Server thread/WARN] [net.minecraftforge.common.ForgeConfigSpec/CORE]: Incorrect key recipes.enableShadowSteelRecipe was corrected from null to its default, true. 
[03Aug2025 01:19:54.246] [Server thread/WARN] [net.minecraftforge.common.ForgeConfigSpec/CORE]: Incorrect key kinetics was corrected from null to its default, SimpleCommentedConfig:{}. 
[03Aug2025 01:19:54.246] [Server thread/WARN] [net.minecraftforge.common.ForgeConfigSpec/CORE]: Incorrect key kinetics.disableStress was corrected from null to its default, false. 
[03Aug2025 01:19:54.246] [Server thread/WARN] [net.minecraftforge.common.ForgeConfigSpec/CORE]: Incorrect key kinetics.maxBeltLength was corrected from null to its default, 20. 
[03Aug2025 01:19:54.246] [Server thread/WARN] [net.minecraftforge.common.ForgeConfigSpec/CORE]: Incorrect key kinetics.maxChainConveyorLength was corrected from null to its default, 32. 
[03Aug2025 01:19:54.246] [Server thread/WARN] [net.minecraftforge.common.ForgeConfigSpec/CORE]: Incorrect key kinetics.maxChainConveyorConnections was corrected from null to its default, 4. 
[03Aug2025 01:19:54.247] [Server thread/WARN] [net.minecraftforge.common.ForgeConfigSpec/CORE]: Incorrect key kinetics.crushingDamage was corrected from null to its default, 4. 
[03Aug2025 01:19:54.247] [Server thread/WARN] [net.minecraftforge.common.ForgeConfigSpec/CORE]: Incorrect key kinetics.maxRotationSpeed was corrected from null to its default, 256. 
[03Aug2025 01:19:54.247] [Server thread/WARN] [net.minecraftforge.common.ForgeConfigSpec/CORE]: Incorrect key kinetics.ignoreDeployerAttacks was corrected from null to its default, CREEPERS. 
[03Aug2025 01:19:54.247] [Server thread/WARN] [net.minecraftforge.common.ForgeConfigSpec/CORE]: Incorrect key kinetics.kineticValidationFrequency was corrected from null to its default, 60. 
[03Aug2025 01:19:54.247] [Server thread/WARN] [net.minecraftforge.common.ForgeConfigSpec/CORE]: Incorrect key kinetics.crankHungerMultiplier was corrected from null to its default, 0.009999999776482582. 
[03Aug2025 01:19:54.247] [Server thread/WARN] [net.minecraftforge.common.ForgeConfigSpec/CORE]: Incorrect key kinetics.minimumWindmillSails was corrected from null to its default, 8. 
[03Aug2025 01:19:54.248] [Server thread/WARN] [net.minecraftforge.common.ForgeConfigSpec/CORE]: Incorrect key kinetics.windmillSailsPerRPM was corrected from null to its default, 8. 
[03Aug2025 01:19:54.248] [Server thread/WARN] [net.minecraftforge.common.ForgeConfigSpec/CORE]: Incorrect key kinetics.maxEjectorDistance was corrected from null to its default, 32. 
[03Aug2025 01:19:54.248] [Server thread/WARN] [net.minecraftforge.common.ForgeConfigSpec/CORE]: Incorrect key kinetics.ejectorScanInterval was corrected from null to its default, 120. 
[03Aug2025 01:19:54.248] [Server thread/WARN] [net.minecraftforge.common.ForgeConfigSpec/CORE]: Incorrect key kinetics.encasedFan was corrected from null to its default, SimpleCommentedConfig:{}. 
[03Aug2025 01:19:54.248] [Server thread/WARN] [net.minecraftforge.common.ForgeConfigSpec/CORE]: Incorrect key kinetics.encasedFan.fanPushDistance was corrected from null to its default, 20. 
[03Aug2025 01:19:54.248] [Server thread/WARN] [net.minecraftforge.common.ForgeConfigSpec/CORE]: Incorrect key kinetics.encasedFan.fanPullDistance was corrected from null to its default, 20. 
[03Aug2025 01:19:54.249] [Server thread/WARN] [net.minecraftforge.common.ForgeConfigSpec/CORE]: Incorrect key kinetics.encasedFan.fanBlockCheckRate was corrected from null to its default, 30. 
[03Aug2025 01:19:54.249] [Server thread/WARN] [net.minecraftforge.common.ForgeConfigSpec/CORE]: Incorrect key kinetics.encasedFan.fanRotationArgmax was corrected from null to its default, 256. 
[03Aug2025 01:19:54.249] [Server thread/WARN] [net.minecraftforge.common.ForgeConfigSpec/CORE]: Incorrect key kinetics.encasedFan.fanProcessingTime was corrected from null to its default, 150. 
[03Aug2025 01:19:54.249] [Server thread/WARN] [net.minecraftforge.common.ForgeConfigSpec/CORE]: Incorrect key kinetics.contraptions was corrected from null to its default, SimpleCommentedConfig:{}. 
[03Aug2025 01:19:54.249] [Server thread/WARN] [net.minecraftforge.common.ForgeConfigSpec/CORE]: Incorrect key kinetics.contraptions.maxBlocksMoved was corrected from null to its default, 2048. 
[03Aug2025 01:19:54.249] [Server thread/WARN] [net.minecraftforge.common.ForgeConfigSpec/CORE]: Incorrect key kinetics.contraptions.maxChassisRange was corrected from null to its default, 16. 
[03Aug2025 01:19:54.250] [Server thread/WARN] [net.minecraftforge.common.ForgeConfigSpec/CORE]: Incorrect key kinetics.contraptions.maxPistonPoles was corrected from null to its default, 64. 
[03Aug2025 01:19:54.250] [Server thread/WARN] [net.minecraftforge.common.ForgeConfigSpec/CORE]: Incorrect key kinetics.contraptions.maxRopeLength was corrected from null to its default, 384. 
[03Aug2025 01:19:54.250] [Server thread/WARN] [net.minecraftforge.common.ForgeConfigSpec/CORE]: Incorrect key kinetics.contraptions.maxCartCouplingLength was corrected from null to its default, 32. 
[03Aug2025 01:19:54.250] [Server thread/WARN] [net.minecraftforge.common.ForgeConfigSpec/CORE]: Incorrect key kinetics.contraptions.rollerFillDepth was corrected from null to its default, 12. 
[03Aug2025 01:19:54.250] [Server thread/WARN] [net.minecraftforge.common.ForgeConfigSpec/CORE]: Incorrect key kinetics.contraptions.survivalContraptionPickup was corrected from null to its default, true. 
[03Aug2025 01:19:54.250] [Server thread/WARN] [net.minecraftforge.common.ForgeConfigSpec/CORE]: Incorrect key kinetics.contraptions.movableSpawners was corrected from null to its default, NO_PICKUP. 
[03Aug2025 01:19:54.251] [Server thread/WARN] [net.minecraftforge.common.ForgeConfigSpec/CORE]: Incorrect key kinetics.contraptions.amethystMovement was corrected from null to its default, NO_PICKUP. 
[03Aug2025 01:19:54.251] [Server thread/WARN] [net.minecraftforge.common.ForgeConfigSpec/CORE]: Incorrect key kinetics.contraptions.movableObsidian was corrected from null to its default, UNMOVABLE. 
[03Aug2025 01:19:54.251] [Server thread/WARN] [net.minecraftforge.common.ForgeConfigSpec/CORE]: Incorrect key kinetics.contraptions.movableReinforcedDeepslate was corrected from null to its default, UNMOVABLE. 
[03Aug2025 01:19:54.251] [Server thread/WARN] [net.minecraftforge.common.ForgeConfigSpec/CORE]: Incorrect key kinetics.contraptions.moveItemsToStorage was corrected from null to its default, true. 
[03Aug2025 01:19:54.251] [Server thread/WARN] [net.minecraftforge.common.ForgeConfigSpec/CORE]: Incorrect key kinetics.contraptions.harvestPartiallyGrown was corrected from null to its default, false. 
[03Aug2025 01:19:54.251] [Server thread/WARN] [net.minecraftforge.common.ForgeConfigSpec/CORE]: Incorrect key kinetics.contraptions.harvesterReplants was corrected from null to its default, true. 
[03Aug2025 01:19:54.251] [Server thread/WARN] [net.minecraftforge.common.ForgeConfigSpec/CORE]: Incorrect key kinetics.contraptions.minecartContraptionInContainers was corrected from null to its default, false. 
[03Aug2025 01:19:54.252] [Server thread/WARN] [net.minecraftforge.common.ForgeConfigSpec/CORE]: Incorrect key kinetics.contraptions.stabiliseStableContraptions was corrected from null to its default, false. 
[03Aug2025 01:19:54.252] [Server thread/WARN] [net.minecraftforge.common.ForgeConfigSpec/CORE]: Incorrect key kinetics.contraptions.syncPlayerPickupHitboxWithContraptionHitbox was corrected from null to its default, false. 
[03Aug2025 01:19:54.252] [Server thread/WARN] [net.minecraftforge.common.ForgeConfigSpec/CORE]: Incorrect key kinetics.stats was corrected from null to its default, SimpleCommentedConfig:{}. 
[03Aug2025 01:19:54.252] [Server thread/WARN] [net.minecraftforge.common.ForgeConfigSpec/CORE]: Incorrect key kinetics.stats.mediumSpeed was corrected from null to its default, 30.0. 
[03Aug2025 01:19:54.252] [Server thread/WARN] [net.minecraftforge.common.ForgeConfigSpec/CORE]: Incorrect key kinetics.stats.fastSpeed was corrected from null to its default, 100.0. 
[03Aug2025 01:19:54.253] [Server thread/WARN] [net.minecraftforge.common.ForgeConfigSpec/CORE]: Incorrect key kinetics.stats.mediumStressImpact was corrected from null to its default, 4.0. 
[03Aug2025 01:19:54.253] [Server thread/WARN] [net.minecraftforge.common.ForgeConfigSpec/CORE]: Incorrect key kinetics.stats.highStressImpact was corrected from null to its default, 8.0. 
[03Aug2025 01:19:54.253] [Server thread/WARN] [net.minecraftforge.common.ForgeConfigSpec/CORE]: Incorrect key kinetics.stats.mediumCapacity was corrected from null to its default, 256.0. 
[03Aug2025 01:19:54.253] [Server thread/WARN] [net.minecraftforge.common.ForgeConfigSpec/CORE]: Incorrect key kinetics.stats.highCapacity was corrected from null to its default, 1024.0. 
[03Aug2025 01:19:54.253] [Server thread/WARN] [net.minecraftforge.common.ForgeConfigSpec/CORE]: Incorrect key kinetics.stressValues was corrected from null to its default, SimpleCommentedConfig:{}. 
[03Aug2025 01:19:54.253] [Server thread/WARN] [net.minecraftforge.common.ForgeConfigSpec/CORE]: Incorrect key kinetics.stressValues.v2 was corrected from null to its default, SimpleCommentedConfig:{}. 
[03Aug2025 01:19:54.254] [Server thread/WARN] [net.minecraftforge.common.ForgeConfigSpec/CORE]: Incorrect key kinetics.stressValues.v2.impact was corrected from null to its default, SimpleCommentedConfig:{}. 
[03Aug2025 01:19:54.255] [Server thread/WARN] [net.minecraftforge.common.ForgeConfigSpec/CORE]: Incorrect key kinetics.stressValues.v2.impact.brass_encased_shaft was corrected from null to its default, 0.0. 
[03Aug2025 01:19:54.255] [Server thread/WARN] [net.minecraftforge.common.ForgeConfigSpec/CORE]: Incorrect key kinetics.stressValues.v2.impact.turntable was corrected from null to its default, 4.0. 
[03Aug2025 01:19:54.255] [Server thread/WARN] [net.minecraftforge.common.ForgeConfigSpec/CORE]: Incorrect key kinetics.stressValues.v2.impact.clutch was corrected from null to its default, 0.0. 
[03Aug2025 01:19:54.255] [Server thread/WARN] [net.minecraftforge.common.ForgeConfigSpec/CORE]: Incorrect key kinetics.stressValues.v2.impact.mechanical_mixer was corrected from null to its default, 4.0. 
[03Aug2025 01:19:54.255] [Server thread/WARN] [net.minecraftforge.common.ForgeConfigSpec/CORE]: Incorrect key kinetics.stressValues.v2.impact.gearbox was corrected from null to its default, 0.0. 
[03Aug2025 01:19:54.255] [Server thread/WARN] [net.minecraftforge.common.ForgeConfigSpec/CORE]: Incorrect key kinetics.stressValues.v2.impact.mechanical_bearing was corrected from null to its default, 4.0. 
[03Aug2025 01:19:54.256] [Server thread/WARN] [net.minecraftforge.common.ForgeConfigSpec/CORE]: Incorrect key kinetics.stressValues.v2.impact.copper_backtank was corrected from null to its default, 4.0. 
[03Aug2025 01:19:54.256] [Server thread/WARN] [net.minecraftforge.common.ForgeConfigSpec/CORE]: Incorrect key kinetics.stressValues.v2.impact.hose_pulley was corrected from null to its default, 4.0. 
[03Aug2025 01:19:54.256] [Server thread/WARN] [net.minecraftforge.common.ForgeConfigSpec/CORE]: Incorrect key kinetics.stressValues.v2.impact.display_board was corrected from null to its default, 0.0. 
[03Aug2025 01:19:54.256] [Server thread/WARN] [net.minecraftforge.common.ForgeConfigSpec/CORE]: Incorrect key kinetics.stressValues.v2.impact.crushing_wheel was corrected from null to its default, 8.0. 
[03Aug2025 01:19:54.256] [Server thread/WARN] [net.minecraftforge.common.ForgeConfigSpec/CORE]: Incorrect key kinetics.stressValues.v2.impact.adjustable_chain_gearshift was corrected from null to its default, 0.0. 
[03Aug2025 01:19:54.256] [Server thread/WARN] [net.minecraftforge.common.ForgeConfigSpec/CORE]: Incorrect key kinetics.stressValues.v2.impact.millstone was corrected from null to its default, 4.0. 
[03Aug2025 01:19:54.256] [Server thread/WARN] [net.minecraftforge.common.ForgeConfigSpec/CORE]: Incorrect key kinetics.stressValues.v2.impact.rotation_speed_controller was corrected from null to its default, 0.0. 
[03Aug2025 01:19:54.256] [Server thread/WARN] [net.minecraftforge.common.ForgeConfigSpec/CORE]: Incorrect key kinetics.stressValues.v2.impact.sticky_mechanical_piston was corrected from null to its default, 4.0. 
[03Aug2025 01:19:54.256] [Server thread/WARN] [net.minecraftforge.common.ForgeConfigSpec/CORE]: Incorrect key kinetics.stressValues.v2.impact.mechanical_crafter was corrected from null to its default, 2.0. 
[03Aug2025 01:19:54.256] [Server thread/WARN] [net.minecraftforge.common.ForgeConfigSpec/CORE]: Incorrect key kinetics.stressValues.v2.impact.deployer was corrected from null to its default, 4.0. 
[03Aug2025 01:19:54.257] [Server thread/WARN] [net.minecraftforge.common.ForgeConfigSpec/CORE]: Incorrect key kinetics.stressValues.v2.impact.elevator_pulley was corrected from null to its default, 4.0. 
[03Aug2025 01:19:54.257] [Server thread/WARN] [net.minecraftforge.common.ForgeConfigSpec/CORE]: Incorrect key kinetics.stressValues.v2.impact.stressometer was corrected from null to its default, 0.0. 
[03Aug2025 01:19:54.257] [Server thread/WARN] [net.minecraftforge.common.ForgeConfigSpec/CORE]: Incorrect key kinetics.stressValues.v2.impact.cogwheel was corrected from null to its default, 0.0. 
[03Aug2025 01:19:54.257] [Server thread/WARN] [net.minecraftforge.common.ForgeConfigSpec/CORE]: Incorrect key kinetics.stressValues.v2.impact.encased_chain_drive was corrected from null to its default, 0.0. 
[03Aug2025 01:19:54.257] [Server thread/WARN] [net.minecraftforge.common.ForgeConfigSpec/CORE]: Incorrect key kinetics.stressValues.v2.impact.belt was corrected from null to its default, 0.0. 
[03Aug2025 01:19:54.257] [Server thread/WARN] [net.minecraftforge.common.ForgeConfigSpec/CORE]: Incorrect key kinetics.stressValues.v2.impact.brass_encased_large_cogwheel was corrected from null to its default, 0.0. 
[03Aug2025 01:19:54.257] [Server thread/WARN] [net.minecraftforge.common.ForgeConfigSpec/CORE]: Incorrect key kinetics.stressValues.v2.impact.weighted_ejector was corrected from null to its default, 2.0. 
[03Aug2025 01:19:54.257] [Server thread/WARN] [net.minecraftforge.common.ForgeConfigSpec/CORE]: Incorrect key kinetics.stressValues.v2.impact.chain_conveyor was corrected from null to its default, 1.0. 
[03Aug2025 01:19:54.257] [Server thread/WARN] [net.minecraftforge.common.ForgeConfigSpec/CORE]: Incorrect key kinetics.stressValues.v2.impact.mechanical_saw was corrected from null to its default, 4.0. 
[03Aug2025 01:19:54.258] [Server thread/WARN] [net.minecraftforge.common.ForgeConfigSpec/CORE]: Incorrect key kinetics.stressValues.v2.impact.flywheel was corrected from null to its default, 0.0. 
[03Aug2025 01:19:54.258] [Server thread/WARN] [net.minecraftforge.common.ForgeConfigSpec/CORE]: Incorrect key kinetics.stressValues.v2.impact.mechanical_piston was corrected from null to its default, 4.0. 
[03Aug2025 01:19:54.258] [Server thread/WARN] [net.minecraftforge.common.ForgeConfigSpec/CORE]: Incorrect key kinetics.stressValues.v2.impact.speedometer was corrected from null to its default, 0.0. 
[03Aug2025 01:19:54.258] [Server thread/WARN] [net.minecraftforge.common.ForgeConfigSpec/CORE]: Incorrect key kinetics.stressValues.v2.impact.brass_encased_cogwheel was corrected from null to its default, 0.0. 
[03Aug2025 01:19:54.258] [Server thread/WARN] [net.minecraftforge.common.ForgeConfigSpec/CORE]: Incorrect key kinetics.stressValues.v2.impact.clockwork_bearing was corrected from null to its default, 4.0. 
[03Aug2025 01:19:54.258] [Server thread/WARN] [net.minecraftforge.common.ForgeConfigSpec/CORE]: Incorrect key kinetics.stressValues.v2.impact.mechanical_press was corrected from null to its default, 8.0. 
[03Aug2025 01:19:54.258] [Server thread/WARN] [net.minecraftforge.common.ForgeConfigSpec/CORE]: Incorrect key kinetics.stressValues.v2.impact.mechanical_drill was corrected from null to its default, 4.0. 
[03Aug2025 01:19:54.258] [Server thread/WARN] [net.minecraftforge.common.ForgeConfigSpec/CORE]: Incorrect key kinetics.stressValues.v2.impact.andesite_encased_shaft was corrected from null to its default, 0.0. 
[03Aug2025 01:19:54.258] [Server thread/WARN] [net.minecraftforge.common.ForgeConfigSpec/CORE]: Incorrect key kinetics.stressValues.v2.impact.netherite_backtank was corrected from null to its default, 4.0. 
[03Aug2025 01:19:54.259] [Server thread/WARN] [net.minecraftforge.common.ForgeConfigSpec/CORE]: Incorrect key kinetics.stressValues.v2.impact.mechanical_arm was corrected from null to its default, 2.0. 
[03Aug2025 01:19:54.259] [Server thread/WARN] [net.minecraftforge.common.ForgeConfigSpec/CORE]: Incorrect key kinetics.stressValues.v2.impact.sequenced_gearshift was corrected from null to its default, 0.0. 
[03Aug2025 01:19:54.259] [Server thread/WARN] [net.minecraftforge.common.ForgeConfigSpec/CORE]: Incorrect key kinetics.stressValues.v2.impact.andesite_encased_large_cogwheel was corrected from null to its default, 0.0. 
[03Aug2025 01:19:54.259] [Server thread/WARN] [net.minecraftforge.common.ForgeConfigSpec/CORE]: Incorrect key kinetics.stressValues.v2.impact.shaft was corrected from null to its default, 0.0. 
[03Aug2025 01:19:54.259] [Server thread/WARN] [net.minecraftforge.common.ForgeConfigSpec/CORE]: Incorrect key kinetics.stressValues.v2.impact.cuckoo_clock was corrected from null to its default, 1.0. 
[03Aug2025 01:19:54.259] [Server thread/WARN] [net.minecraftforge.common.ForgeConfigSpec/CORE]: Incorrect key kinetics.stressValues.v2.impact.gearshift was corrected from null to its default, 0.0. 
[03Aug2025 01:19:54.259] [Server thread/WARN] [net.minecraftforge.common.ForgeConfigSpec/CORE]: Incorrect key kinetics.stressValues.v2.impact.rope_pulley was corrected from null to its default, 4.0. 
[03Aug2025 01:19:54.259] [Server thread/WARN] [net.minecraftforge.common.ForgeConfigSpec/CORE]: Incorrect key kinetics.stressValues.v2.impact.andesite_encased_cogwheel was corrected from null to its default, 0.0. 
[03Aug2025 01:19:54.259] [Server thread/WARN] [net.minecraftforge.common.ForgeConfigSpec/CORE]: Incorrect key kinetics.stressValues.v2.impact.large_cogwheel was corrected from null to its default, 0.0. 
[03Aug2025 01:19:54.260] [Server thread/WARN] [net.minecraftforge.common.ForgeConfigSpec/CORE]: Incorrect key kinetics.stressValues.v2.impact.encased_fan was corrected from null to its default, 2.0. 
[03Aug2025 01:19:54.260] [Server thread/WARN] [net.minecraftforge.common.ForgeConfigSpec/CORE]: Incorrect key kinetics.stressValues.v2.impact.mysterious_cuckoo_clock was corrected from null to its default, 1.0. 
[03Aug2025 01:19:54.260] [Server thread/WARN] [net.minecraftforge.common.ForgeConfigSpec/CORE]: Incorrect key kinetics.stressValues.v2.impact.gantry_shaft was corrected from null to its default, 0.0. 
[03Aug2025 01:19:54.260] [Server thread/WARN] [net.minecraftforge.common.ForgeConfigSpec/CORE]: Incorrect key kinetics.stressValues.v2.impact.mechanical_pump was corrected from null to its default, 4.0. 
[03Aug2025 01:19:54.260] [Server thread/WARN] [net.minecraftforge.common.ForgeConfigSpec/CORE]: Incorrect key kinetics.stressValues.v2.capacity was corrected from null to its default, SimpleCommentedConfig:{}. 
[03Aug2025 01:19:54.260] [Server thread/WARN] [net.minecraftforge.common.ForgeConfigSpec/CORE]: Incorrect key kinetics.stressValues.v2.capacity.steam_engine was corrected from null to its default, 1024.0. 
[03Aug2025 01:19:54.260] [Server thread/WARN] [net.minecraftforge.common.ForgeConfigSpec/CORE]: Incorrect key kinetics.stressValues.v2.capacity.water_wheel was corrected from null to its default, 32.0. 
[03Aug2025 01:19:54.260] [Server thread/WARN] [net.minecraftforge.common.ForgeConfigSpec/CORE]: Incorrect key kinetics.stressValues.v2.capacity.copper_valve_handle was corrected from null to its default, 8.0. 
[03Aug2025 01:19:54.261] [Server thread/WARN] [net.minecraftforge.common.ForgeConfigSpec/CORE]: Incorrect key kinetics.stressValues.v2.capacity.hand_crank was corrected from null to its default, 8.0. 
[03Aug2025 01:19:54.261] [Server thread/WARN] [net.minecraftforge.common.ForgeConfigSpec/CORE]: Incorrect key kinetics.stressValues.v2.capacity.creative_motor was corrected from null to its default, 16384.0. 
[03Aug2025 01:19:54.261] [Server thread/WARN] [net.minecraftforge.common.ForgeConfigSpec/CORE]: Incorrect key kinetics.stressValues.v2.capacity.large_water_wheel was corrected from null to its default, 128.0. 
[03Aug2025 01:19:54.261] [Server thread/WARN] [net.minecraftforge.common.ForgeConfigSpec/CORE]: Incorrect key kinetics.stressValues.v2.capacity.windmill_bearing was corrected from null to its default, 512.0. 
[03Aug2025 01:19:54.263] [Server thread/WARN] [net.minecraftforge.common.ForgeConfigSpec/CORE]: Incorrect key fluids was corrected from null to its default, SimpleCommentedConfig:{}. 
[03Aug2025 01:19:54.263] [Server thread/WARN] [net.minecraftforge.common.ForgeConfigSpec/CORE]: Incorrect key fluids.fluidTankCapacity was corrected from null to its default, 8. 
[03Aug2025 01:19:54.263] [Server thread/WARN] [net.minecraftforge.common.ForgeConfigSpec/CORE]: Incorrect key fluids.fluidTankMaxHeight was corrected from null to its default, 32. 
[03Aug2025 01:19:54.263] [Server thread/WARN] [net.minecraftforge.common.ForgeConfigSpec/CORE]: Incorrect key fluids.mechanicalPumpRange was corrected from null to its default, 16. 
[03Aug2025 01:19:54.264] [Server thread/WARN] [net.minecraftforge.common.ForgeConfigSpec/CORE]: Incorrect key fluids.hosePulleyRange was corrected from null to its default, 128. 
[03Aug2025 01:19:54.264] [Server thread/WARN] [net.minecraftforge.common.ForgeConfigSpec/CORE]: Incorrect key fluids.hosePulleyBlockThreshold was corrected from null to its default, 10000. 
[03Aug2025 01:19:54.264] [Server thread/WARN] [net.minecraftforge.common.ForgeConfigSpec/CORE]: Incorrect key fluids.fillInfinite was corrected from null to its default, false. 
[03Aug2025 01:19:54.264] [Server thread/WARN] [net.minecraftforge.common.ForgeConfigSpec/CORE]: Incorrect key fluids.bottomlessFluidMode was corrected from null to its default, ALLOW_BY_TAG. 
[03Aug2025 01:19:54.265] [Server thread/WARN] [net.minecraftforge.common.ForgeConfigSpec/CORE]: Incorrect key fluids.fluidFillPlaceFluidSourceBlocks was corrected from null to its default, true. 
[03Aug2025 01:19:54.265] [Server thread/WARN] [net.minecraftforge.common.ForgeConfigSpec/CORE]: Incorrect key fluids.pipesPlaceFluidSourceBlocks was corrected from null to its default, true. 
[03Aug2025 01:19:54.267] [Server thread/WARN] [net.minecraftforge.common.ForgeConfigSpec/CORE]: Incorrect key logistics was corrected from null to its default, SimpleCommentedConfig:{}. 
[03Aug2025 01:19:54.267] [Server thread/WARN] [net.minecraftforge.common.ForgeConfigSpec/CORE]: Incorrect key logistics.defaultExtractionTimer was corrected from null to its default, 8. 
[03Aug2025 01:19:54.267] [Server thread/WARN] [net.minecraftforge.common.ForgeConfigSpec/CORE]: Incorrect key logistics.psiTimeout was corrected from null to its default, 60. 
[03Aug2025 01:19:54.267] [Server thread/WARN] [net.minecraftforge.common.ForgeConfigSpec/CORE]: Incorrect key logistics.mechanicalArmRange was corrected from null to its default, 5. 
[03Aug2025 01:19:54.267] [Server thread/WARN] [net.minecraftforge.common.ForgeConfigSpec/CORE]: Incorrect key logistics.packagePortRange was corrected from null to its default, 5. 
[03Aug2025 01:19:54.268] [Server thread/WARN] [net.minecraftforge.common.ForgeConfigSpec/CORE]: Incorrect key logistics.linkRange was corrected from null to its default, 256. 
[03Aug2025 01:19:54.268] [Server thread/WARN] [net.minecraftforge.common.ForgeConfigSpec/CORE]: Incorrect key logistics.displayLinkRange was corrected from null to its default, 64. 
[03Aug2025 01:19:54.268] [Server thread/WARN] [net.minecraftforge.common.ForgeConfigSpec/CORE]: Incorrect key logistics.vaultCapacity was corrected from null to its default, 20. 
[03Aug2025 01:19:54.268] [Server thread/WARN] [net.minecraftforge.common.ForgeConfigSpec/CORE]: Incorrect key logistics.chainConveyorCapacity was corrected from null to its default, 20. 
[03Aug2025 01:19:54.268] [Server thread/WARN] [net.minecraftforge.common.ForgeConfigSpec/CORE]: Incorrect key logistics.brassTunnelTimer was corrected from null to its default, 10. 
[03Aug2025 01:19:54.269] [Server thread/WARN] [net.minecraftforge.common.ForgeConfigSpec/CORE]: Incorrect key logistics.factoryGaugeTimer was corrected from null to its default, 100. 
[03Aug2025 01:19:54.269] [Server thread/WARN] [net.minecraftforge.common.ForgeConfigSpec/CORE]: Incorrect key logistics.seatHostileMobs was corrected from null to its default, true. 
[03Aug2025 01:19:54.271] [Server thread/WARN] [net.minecraftforge.common.ForgeConfigSpec/CORE]: Incorrect key schematics was corrected from null to its default, SimpleCommentedConfig:{}. 
[03Aug2025 01:19:54.271] [Server thread/WARN] [net.minecraftforge.common.ForgeConfigSpec/CORE]: Incorrect key schematics.creativePrintIncludesAir was corrected from null to its default, false. 
[03Aug2025 01:19:54.271] [Server thread/WARN] [net.minecraftforge.common.ForgeConfigSpec/CORE]: Incorrect key schematics.maxSchematics was corrected from null to its default, 10. 
[03Aug2025 01:19:54.272] [Server thread/WARN] [net.minecraftforge.common.ForgeConfigSpec/CORE]: Incorrect key schematics.maxTotalSchematicSize was corrected from null to its default, 256. 
[03Aug2025 01:19:54.272] [Server thread/WARN] [net.minecraftforge.common.ForgeConfigSpec/CORE]: Incorrect key schematics.maxSchematicPacketSize was corrected from null to its default, 1024. 
[03Aug2025 01:19:54.272] [Server thread/WARN] [net.minecraftforge.common.ForgeConfigSpec/CORE]: Incorrect key schematics.schematicIdleTimeout was corrected from null to its default, 600. 
[03Aug2025 01:19:54.272] [Server thread/WARN] [net.minecraftforge.common.ForgeConfigSpec/CORE]: Incorrect key schematics.schematicannon was corrected from null to its default, SimpleCommentedConfig:{}. 
[03Aug2025 01:19:54.272] [Server thread/WARN] [net.minecraftforge.common.ForgeConfigSpec/CORE]: Incorrect key schematics.schematicannon.schematicannonDelay was corrected from null to its default, 10. 
[03Aug2025 01:19:54.273] [Server thread/WARN] [net.minecraftforge.common.ForgeConfigSpec/CORE]: Incorrect key schematics.schematicannon.schematicannonShotsPerGunpowder was corrected from null to its default, 400. 
[03Aug2025 01:19:54.275] [Server thread/WARN] [net.minecraftforge.common.ForgeConfigSpec/CORE]: Incorrect key equipment was corrected from null to its default, SimpleCommentedConfig:{}. 
[03Aug2025 01:19:54.275] [Server thread/WARN] [net.minecraftforge.common.ForgeConfigSpec/CORE]: Incorrect key equipment.maxSymmetryWandRange was corrected from null to its default, 50. 
[03Aug2025 01:19:54.275] [Server thread/WARN] [net.minecraftforge.common.ForgeConfigSpec/CORE]: Incorrect key equipment.placementAssistRange was corrected from null to its default, 12. 
[03Aug2025 01:19:54.276] [Server thread/WARN] [net.minecraftforge.common.ForgeConfigSpec/CORE]: Incorrect key equipment.toolboxRange was corrected from null to its default, 10. 
[03Aug2025 01:19:54.276] [Server thread/WARN] [net.minecraftforge.common.ForgeConfigSpec/CORE]: Incorrect key equipment.airInBacktank was corrected from null to its default, 900. 
[03Aug2025 01:19:54.276] [Server thread/WARN] [net.minecraftforge.common.ForgeConfigSpec/CORE]: Incorrect key equipment.enchantedBacktankCapacity was corrected from null to its default, 300. 
[03Aug2025 01:19:54.276] [Server thread/WARN] [net.minecraftforge.common.ForgeConfigSpec/CORE]: Incorrect key equipment.maxExtendoGripActions was corrected from null to its default, 1000. 
[03Aug2025 01:19:54.277] [Server thread/WARN] [net.minecraftforge.common.ForgeConfigSpec/CORE]: Incorrect key equipment.maxPotatoCannonShots was corrected from null to its default, 200. 
[03Aug2025 01:19:54.279] [Server thread/WARN] [net.minecraftforge.common.ForgeConfigSpec/CORE]: Incorrect key trains was corrected from null to its default, SimpleCommentedConfig:{}. 
[03Aug2025 01:19:54.280] [Server thread/WARN] [net.minecraftforge.common.ForgeConfigSpec/CORE]: Incorrect key trains.trainsCauseDamage was corrected from null to its default, true. 
[03Aug2025 01:19:54.280] [Server thread/WARN] [net.minecraftforge.common.ForgeConfigSpec/CORE]: Incorrect key trains.maxTrackPlacementLength was corrected from null to its default, 32. 
[03Aug2025 01:19:54.280] [Server thread/WARN] [net.minecraftforge.common.ForgeConfigSpec/CORE]: Incorrect key trains.maxAssemblyLength was corrected from null to its default, 128. 
[03Aug2025 01:19:54.280] [Server thread/WARN] [net.minecraftforge.common.ForgeConfigSpec/CORE]: Incorrect key trains.maxBogeyCount was corrected from null to its default, 20. 
[03Aug2025 01:19:54.281] [Server thread/WARN] [net.minecraftforge.common.ForgeConfigSpec/CORE]: Incorrect key trains.manualTrainSpeedModifier was corrected from null to its default, 0.75. 
[03Aug2025 01:19:54.281] [Server thread/WARN] [net.minecraftforge.common.ForgeConfigSpec/CORE]: Incorrect key trains.trainStats was corrected from null to its default, SimpleCommentedConfig:{}. 
[03Aug2025 01:19:54.281] [Server thread/WARN] [net.minecraftforge.common.ForgeConfigSpec/CORE]: Incorrect key trains.trainStats.trainTopSpeed was corrected from null to its default, 28.0. 
[03Aug2025 01:19:54.281] [Server thread/WARN] [net.minecraftforge.common.ForgeConfigSpec/CORE]: Incorrect key trains.trainStats.trainTurningTopSpeed was corrected from null to its default, 14.0. 
[03Aug2025 01:19:54.281] [Server thread/WARN] [net.minecraftforge.common.ForgeConfigSpec/CORE]: Incorrect key trains.trainStats.trainAcceleration was corrected from null to its default, 3.0. 
[03Aug2025 01:19:54.281] [Server thread/WARN] [net.minecraftforge.common.ForgeConfigSpec/CORE]: Incorrect key trains.poweredTrainStats was corrected from null to its default, SimpleCommentedConfig:{}. 
[03Aug2025 01:19:54.282] [Server thread/WARN] [net.minecraftforge.common.ForgeConfigSpec/CORE]: Incorrect key trains.poweredTrainStats.poweredTrainTopSpeed was corrected from null to its default, 40.0. 
[03Aug2025 01:19:54.282] [Server thread/WARN] [net.minecraftforge.common.ForgeConfigSpec/CORE]: Incorrect key trains.poweredTrainStats.poweredTrainTurningTopSpeed was corrected from null to its default, 20.0. 
[03Aug2025 01:19:54.282] [Server thread/WARN] [net.minecraftforge.common.ForgeConfigSpec/CORE]: Incorrect key trains.poweredTrainStats.poweredTrainAcceleration was corrected from null to its default, 3.0. 
[03Aug2025 01:19:54.776] [Server thread/INFO] [terrablender/]: Initialized TerraBlender biomes for level stem minecraft:overworld
[03Aug2025 01:19:54.777] [Server thread/INFO] [terrablender/]: Initialized TerraBlender biomes for level stem minecraft:the_nether
[03Aug2025 01:19:54.777] [Server thread/INFO] [net.minecraft.server.dedicated.DedicatedServer/]: Preparing level "world"
[03Aug2025 01:19:55.161] [Server thread/WARN] [com.cupboard.Cupboard/]: Config betterchunkloading.json not found, recreating default
[03Aug2025 01:19:55.162] [Server thread/INFO] [com.cupboard.Cupboard/]: Loaded config for: betterchunkloading.json
[03Aug2025 01:19:55.196] [Server thread/INFO] [com.natamus.villagespawnpoint_common_forge.events.VillageSpawnEvent/]: [Village Spawn Point] Finding the nearest village. This might take a few seconds.
[03Aug2025 01:20:03.373] [Server thread/INFO] [net.minecraft.server.commands.LocateCommand/]: Locating element #minecraft:village (minecraft:village_taiga) took 8157 ms
[03Aug2025 01:20:03.557] [Worker-Main-3/INFO] [ModernFix/]: Instantiating Mojang DFU
[03Aug2025 01:20:07.937] [Netty Epoll Server IO #1/WARN] [com.cupboard.Cupboard/]: Config connectivity.json not found, recreating default
[03Aug2025 01:20:07.940] [Netty Epoll Server IO #1/INFO] [com.cupboard.Cupboard/]: Loaded config for: connectivity.json
[03Aug2025 01:20:08.192] [Netty Epoll Server IO #1/INFO] [net.minecraftforge.server.ServerLifecycleHooks/SERVERHOOKS]: Disconnecting Player (server is still starting): literal{Server is still starting! Please wait before reconnecting.}
[03Aug2025 01:20:08.369] [Server thread/INFO] [com.natamus.villagespawnpoint_common_forge.events.VillageSpawnEvent/]: [Village Spawn Point] Village found! The world will now generate.
[03Aug2025 01:20:08.399] [Server thread/WARN] [com.structureessentials.StructureEssentials/]: Non-unique structure_set salt:0 potentially creating overlapping structures detected. Structure sets: [minecraft:mineshafts, minecraft:strongholds, minecraft:buried_treasures]
[03Aug2025 01:20:08.399] [Server thread/WARN] [com.structureessentials.StructureEssentials/]: Non-unique structure_set salt:10387313 potentially creating overlapping structures detected. Structure sets: [minecraft:ocean_monuments, minecraft:end_cities]
[03Aug2025 01:20:08.400] [Server thread/INFO] [net.minecraft.server.MinecraftServer/]: Preparing start region for dimension minecraft:overworld
[03Aug2025 01:20:08.577] [Worker-Main-1/INFO] [net.minecraft.server.level.progress.LoggerChunkProgressListener/]: Preparing spawn area: 0%
[03Aug2025 01:20:08.905] [Worker-Main-2/INFO] [net.minecraft.server.level.progress.LoggerChunkProgressListener/]: Preparing spawn area: 0%
[03Aug2025 01:20:09.445] [Worker-Main-1/INFO] [net.minecraft.server.level.progress.LoggerChunkProgressListener/]: Preparing spawn area: 0%
[03Aug2025 01:20:10.529] [Worker-Main-2/INFO] [net.minecraft.server.level.progress.LoggerChunkProgressListener/]: Preparing spawn area: 0%
[03Aug2025 01:20:10.529] [Worker-Main-2/INFO] [net.minecraft.server.level.progress.LoggerChunkProgressListener/]: Preparing spawn area: 0%
[03Aug2025 01:20:10.911] [Worker-Main-1/INFO] [net.minecraft.server.level.progress.LoggerChunkProgressListener/]: Preparing spawn area: 0%
[03Aug2025 01:20:11.401] [Worker-Main-1/INFO] [net.minecraft.server.level.progress.LoggerChunkProgressListener/]: Preparing spawn area: 1%
[03Aug2025 01:20:11.930] [Worker-Main-2/INFO] [net.minecraft.server.level.progress.LoggerChunkProgressListener/]: Preparing spawn area: 1%
[03Aug2025 01:20:12.436] [Worker-Main-1/INFO] [net.minecraft.server.level.progress.LoggerChunkProgressListener/]: Preparing spawn area: 1%
[03Aug2025 01:20:12.647] [Netty Epoll Server IO #2/INFO] [net.minecraftforge.server.ServerLifecycleHooks/SERVERHOOKS]: Disconnecting Player (server is still starting): literal{Server is still starting! Please wait before reconnecting.}
[03Aug2025 01:20:12.908] [Worker-Main-3/INFO] [net.minecraft.server.level.progress.LoggerChunkProgressListener/]: Preparing spawn area: 2%
[03Aug2025 01:20:13.404] [Worker-Main-3/INFO] [net.minecraft.server.level.progress.LoggerChunkProgressListener/]: Preparing spawn area: 3%
[03Aug2025 01:20:13.832] [Netty Epoll Server IO #3/INFO] [net.minecraftforge.server.ServerLifecycleHooks/SERVERHOOKS]: Disconnecting Player (server is still starting): literal{Server is still starting! Please wait before reconnecting.}
[03Aug2025 01:20:13.908] [Worker-Main-2/INFO] [net.minecraft.server.level.progress.LoggerChunkProgressListener/]: Preparing spawn area: 4%
[03Aug2025 01:20:14.452] [Worker-Main-1/INFO] [net.minecraft.server.level.progress.LoggerChunkProgressListener/]: Preparing spawn area: 4%
[03Aug2025 01:20:14.869] [Netty Epoll Server IO #4/INFO] [net.minecraftforge.server.ServerLifecycleHooks/SERVERHOOKS]: Disconnecting Player (server is still starting): literal{Server is still starting! Please wait before reconnecting.}
[03Aug2025 01:20:14.918] [Worker-Main-1/INFO] [net.minecraft.server.level.progress.LoggerChunkProgressListener/]: Preparing spawn area: 5%
[03Aug2025 01:20:15.401] [Worker-Main-1/INFO] [net.minecraft.server.level.progress.LoggerChunkProgressListener/]: Preparing spawn area: 6%
[03Aug2025 01:20:15.823] [Netty Epoll Server IO #5/INFO] [net.minecraftforge.server.ServerLifecycleHooks/SERVERHOOKS]: Disconnecting Player (server is still starting): literal{Server is still starting! Please wait before reconnecting.}
[03Aug2025 01:20:15.904] [Worker-Main-2/INFO] [net.minecraft.server.level.progress.LoggerChunkProgressListener/]: Preparing spawn area: 7%
[03Aug2025 01:20:16.329] [Netty Epoll Server IO #6/INFO] [net.minecraftforge.server.ServerLifecycleHooks/SERVERHOOKS]: Disconnecting Player (server is still starting): literal{Server is still starting! Please wait before reconnecting.}
[03Aug2025 01:20:16.412] [Worker-Main-2/INFO] [net.minecraft.server.level.progress.LoggerChunkProgressListener/]: Preparing spawn area: 9%
[03Aug2025 01:20:16.920] [Worker-Main-1/INFO] [net.minecraft.server.level.progress.LoggerChunkProgressListener/]: Preparing spawn area: 10%
[03Aug2025 01:20:17.336] [Netty Epoll Server IO #7/INFO] [net.minecraftforge.server.ServerLifecycleHooks/SERVERHOOKS]: Disconnecting Player (server is still starting): literal{Server is still starting! Please wait before reconnecting.}
[03Aug2025 01:20:17.407] [Worker-Main-3/INFO] [net.minecraft.server.level.progress.LoggerChunkProgressListener/]: Preparing spawn area: 10%
[03Aug2025 01:20:17.905] [Worker-Main-2/INFO] [net.minecraft.server.level.progress.LoggerChunkProgressListener/]: Preparing spawn area: 11%
[03Aug2025 01:20:18.415] [Worker-Main-1/INFO] [net.minecraft.server.level.progress.LoggerChunkProgressListener/]: Preparing spawn area: 13%
[03Aug2025 01:20:18.933] [Worker-Main-1/INFO] [net.minecraft.server.level.progress.LoggerChunkProgressListener/]: Preparing spawn area: 15%
[03Aug2025 01:20:19.417] [Worker-Main-2/INFO] [net.minecraft.server.level.progress.LoggerChunkProgressListener/]: Preparing spawn area: 15%
[03Aug2025 01:20:19.580] [Netty Epoll Server IO #0/INFO] [net.minecraftforge.server.ServerLifecycleHooks/SERVERHOOKS]: Disconnecting Player (server is still starting): literal{Server is still starting! Please wait before reconnecting.}
[03Aug2025 01:20:19.915] [Worker-Main-3/INFO] [net.minecraft.server.level.progress.LoggerChunkProgressListener/]: Preparing spawn area: 16%
[03Aug2025 01:20:20.131] [Netty Epoll Server IO #1/INFO] [net.minecraftforge.server.ServerLifecycleHooks/SERVERHOOKS]: Disconnecting Player (server is still starting): literal{Server is still starting! Please wait before reconnecting.}
[03Aug2025 01:20:20.401] [Worker-Main-3/INFO] [net.minecraft.server.level.progress.LoggerChunkProgressListener/]: Preparing spawn area: 18%
[03Aug2025 01:20:20.915] [Worker-Main-1/INFO] [net.minecraft.server.level.progress.LoggerChunkProgressListener/]: Preparing spawn area: 19%
[03Aug2025 01:20:20.950] [Netty Epoll Server IO #2/INFO] [net.minecraftforge.server.ServerLifecycleHooks/SERVERHOOKS]: Disconnecting Player (server is still starting): literal{Server is still starting! Please wait before reconnecting.}
[03Aug2025 01:20:21.418] [Worker-Main-3/INFO] [net.minecraft.server.level.progress.LoggerChunkProgressListener/]: Preparing spawn area: 21%
[03Aug2025 01:20:21.863] [Netty Epoll Server IO #3/INFO] [net.minecraftforge.server.ServerLifecycleHooks/SERVERHOOKS]: Disconnecting Player (server is still starting): literal{Server is still starting! Please wait before reconnecting.}
[03Aug2025 01:20:22.177] [Netty Epoll Server IO #4/INFO] [net.minecraftforge.server.ServerLifecycleHooks/SERVERHOOKS]: Disconnecting Player (server is still starting): literal{Server is still starting! Please wait before reconnecting.}
[03Aug2025 01:20:22.687] [Worker-Main-2/INFO] [net.minecraft.server.level.progress.LoggerChunkProgressListener/]: Preparing spawn area: 23%
[03Aug2025 01:20:22.687] [Worker-Main-2/INFO] [net.minecraft.server.level.progress.LoggerChunkProgressListener/]: Preparing spawn area: 23%
[03Aug2025 01:20:22.855] [Netty Epoll Server IO #5/INFO] [net.minecraftforge.server.ServerLifecycleHooks/SERVERHOOKS]: Disconnecting Player (server is still starting): literal{Server is still starting! Please wait before reconnecting.}
[03Aug2025 01:20:22.913] [Worker-Main-3/INFO] [net.minecraft.server.level.progress.LoggerChunkProgressListener/]: Preparing spawn area: 23%
[03Aug2025 01:20:23.405] [Netty Epoll Server IO #6/INFO] [net.minecraftforge.server.ServerLifecycleHooks/SERVERHOOKS]: Disconnecting Player (server is still starting): literal{Server is still starting! Please wait before reconnecting.}
[03Aug2025 01:20:23.423] [Worker-Main-1/INFO] [net.minecraft.server.level.progress.LoggerChunkProgressListener/]: Preparing spawn area: 23%
[03Aug2025 01:20:23.905] [Worker-Main-3/INFO] [net.minecraft.server.level.progress.LoggerChunkProgressListener/]: Preparing spawn area: 25%
[03Aug2025 01:20:24.134] [Netty Epoll Server IO #7/INFO] [net.minecraftforge.server.ServerLifecycleHooks/SERVERHOOKS]: Disconnecting Player (server is still starting): literal{Server is still starting! Please wait before reconnecting.}
[03Aug2025 01:20:24.454] [Worker-Main-3/INFO] [net.minecraft.server.level.progress.LoggerChunkProgressListener/]: Preparing spawn area: 26%
[03Aug2025 01:20:24.905] [Worker-Main-2/INFO] [net.minecraft.server.level.progress.LoggerChunkProgressListener/]: Preparing spawn area: 27%
[03Aug2025 01:20:25.337] [Netty Epoll Server IO #0/INFO] [net.minecraftforge.server.ServerLifecycleHooks/SERVERHOOKS]: Disconnecting Player (server is still starting): literal{Server is still starting! Please wait before reconnecting.}
[03Aug2025 01:20:25.402] [Worker-Main-3/INFO] [net.minecraft.server.level.progress.LoggerChunkProgressListener/]: Preparing spawn area: 30%
[03Aug2025 01:20:25.773] [Netty Epoll Server IO #1/INFO] [net.minecraftforge.server.ServerLifecycleHooks/SERVERHOOKS]: Disconnecting Player (server is still starting): literal{Server is still starting! Please wait before reconnecting.}
[03Aug2025 01:20:26.102] [Worker-Main-3/INFO] [net.minecraft.server.level.progress.LoggerChunkProgressListener/]: Preparing spawn area: 31%
[03Aug2025 01:20:26.203] [Netty Epoll Server IO #2/INFO] [net.minecraftforge.server.ServerLifecycleHooks/SERVERHOOKS]: Disconnecting Player (server is still starting): literal{Server is still starting! Please wait before reconnecting.}
[03Aug2025 01:20:26.411] [Netty Epoll Server IO #3/INFO] [net.minecraftforge.server.ServerLifecycleHooks/SERVERHOOKS]: Disconnecting Player (server is still starting): literal{Server is still starting! Please wait before reconnecting.}
[03Aug2025 01:20:26.423] [Worker-Main-3/INFO] [net.minecraft.server.level.progress.LoggerChunkProgressListener/]: Preparing spawn area: 32%
[03Aug2025 01:20:26.920] [Worker-Main-3/INFO] [net.minecraft.server.level.progress.LoggerChunkProgressListener/]: Preparing spawn area: 32%
[03Aug2025 01:20:27.272] [Netty Epoll Server IO #4/INFO] [net.minecraftforge.server.ServerLifecycleHooks/SERVERHOOKS]: Disconnecting Player (server is still starting): literal{Server is still starting! Please wait before reconnecting.}
[03Aug2025 01:20:27.405] [Worker-Main-3/INFO] [net.minecraft.server.level.progress.LoggerChunkProgressListener/]: Preparing spawn area: 34%
[03Aug2025 01:20:27.906] [Worker-Main-1/INFO] [net.minecraft.server.level.progress.LoggerChunkProgressListener/]: Preparing spawn area: 35%
[03Aug2025 01:20:27.962] [Netty Epoll Server IO #5/INFO] [net.minecraftforge.server.ServerLifecycleHooks/SERVERHOOKS]: Disconnecting Player (server is still starting): literal{Server is still starting! Please wait before reconnecting.}
[03Aug2025 01:20:28.404] [Worker-Main-3/INFO] [net.minecraft.server.level.progress.LoggerChunkProgressListener/]: Preparing spawn area: 37%
[03Aug2025 01:20:28.481] [Netty Epoll Server IO #6/INFO] [net.minecraftforge.server.ServerLifecycleHooks/SERVERHOOKS]: Disconnecting Player (server is still starting): literal{Server is still starting! Please wait before reconnecting.}
[03Aug2025 01:20:28.908] [Worker-Main-3/INFO] [net.minecraft.server.level.progress.LoggerChunkProgressListener/]: Preparing spawn area: 40%
[03Aug2025 01:20:29.421] [Worker-Main-2/INFO] [net.minecraft.server.level.progress.LoggerChunkProgressListener/]: Preparing spawn area: 42%
[03Aug2025 01:20:29.904] [Worker-Main-2/INFO] [net.minecraft.server.level.progress.LoggerChunkProgressListener/]: Preparing spawn area: 44%
[03Aug2025 01:20:30.422] [Worker-Main-3/INFO] [net.minecraft.server.level.progress.LoggerChunkProgressListener/]: Preparing spawn area: 44%
[03Aug2025 01:20:30.902] [Worker-Main-3/INFO] [net.minecraft.server.level.progress.LoggerChunkProgressListener/]: Preparing spawn area: 47%
[03Aug2025 01:20:31.408] [Worker-Main-2/INFO] [net.minecraft.server.level.progress.LoggerChunkProgressListener/]: Preparing spawn area: 50%
[03Aug2025 01:20:31.901] [Worker-Main-1/INFO] [net.minecraft.server.level.progress.LoggerChunkProgressListener/]: Preparing spawn area: 53%
[03Aug2025 01:20:32.401] [Worker-Main-1/INFO] [net.minecraft.server.level.progress.LoggerChunkProgressListener/]: Preparing spawn area: 54%
[03Aug2025 01:20:32.907] [Worker-Main-1/INFO] [net.minecraft.server.level.progress.LoggerChunkProgressListener/]: Preparing spawn area: 55%
[03Aug2025 01:20:33.401] [Worker-Main-1/INFO] [net.minecraft.server.level.progress.LoggerChunkProgressListener/]: Preparing spawn area: 56%
[03Aug2025 01:20:33.855] [Netty Epoll Server IO #7/INFO] [net.minecraftforge.server.ServerLifecycleHooks/SERVERHOOKS]: Disconnecting Player (server is still starting): literal{Server is still starting! Please wait before reconnecting.}
[03Aug2025 01:20:33.904] [Worker-Main-2/INFO] [net.minecraft.server.level.progress.LoggerChunkProgressListener/]: Preparing spawn area: 60%
[03Aug2025 01:20:34.411] [Worker-Main-1/INFO] [net.minecraft.server.level.progress.LoggerChunkProgressListener/]: Preparing spawn area: 62%
[03Aug2025 01:20:34.910] [Worker-Main-1/INFO] [net.minecraft.server.level.progress.LoggerChunkProgressListener/]: Preparing spawn area: 65%
[03Aug2025 01:20:35.149] [Netty Epoll Server IO #0/INFO] [net.minecraftforge.server.ServerLifecycleHooks/SERVERHOOKS]: Disconnecting Player (server is still starting): literal{Server is still starting! Please wait before reconnecting.}
[03Aug2025 01:20:35.402] [Worker-Main-3/INFO] [net.minecraft.server.level.progress.LoggerChunkProgressListener/]: Preparing spawn area: 67%
[03Aug2025 01:20:35.901] [Worker-Main-3/INFO] [net.minecraft.server.level.progress.LoggerChunkProgressListener/]: Preparing spawn area: 68%
[03Aug2025 01:20:35.980] [Netty Epoll Server IO #1/INFO] [net.minecraftforge.server.ServerLifecycleHooks/SERVERHOOKS]: Disconnecting Player (server is still starting): literal{Server is still starting! Please wait before reconnecting.}
[03Aug2025 01:20:36.411] [Worker-Main-1/INFO] [net.minecraft.server.level.progress.LoggerChunkProgressListener/]: Preparing spawn area: 70%
[03Aug2025 01:20:36.901] [Worker-Main-2/INFO] [net.minecraft.server.level.progress.LoggerChunkProgressListener/]: Preparing spawn area: 72%
[03Aug2025 01:20:36.966] [Netty Epoll Server IO #2/INFO] [net.minecraftforge.server.ServerLifecycleHooks/SERVERHOOKS]: Disconnecting Player (server is still starting): literal{Server is still starting! Please wait before reconnecting.}
[03Aug2025 01:20:37.408] [Worker-Main-3/INFO] [net.minecraft.server.level.progress.LoggerChunkProgressListener/]: Preparing spawn area: 75%
[03Aug2025 01:20:37.903] [Worker-Main-1/INFO] [net.minecraft.server.level.progress.LoggerChunkProgressListener/]: Preparing spawn area: 78%
[03Aug2025 01:20:38.408] [Worker-Main-1/INFO] [net.minecraft.server.level.progress.LoggerChunkProgressListener/]: Preparing spawn area: 80%
[03Aug2025 01:20:38.906] [Worker-Main-3/INFO] [net.minecraft.server.level.progress.LoggerChunkProgressListener/]: Preparing spawn area: 82%
[03Aug2025 01:20:39.412] [Worker-Main-3/INFO] [net.minecraft.server.level.progress.LoggerChunkProgressListener/]: Preparing spawn area: 83%
[03Aug2025 01:20:39.904] [Worker-Main-3/INFO] [net.minecraft.server.level.progress.LoggerChunkProgressListener/]: Preparing spawn area: 85%
[03Aug2025 01:20:40.421] [Worker-Main-1/INFO] [net.minecraft.server.level.progress.LoggerChunkProgressListener/]: Preparing spawn area: 87%
[03Aug2025 01:20:40.907] [Worker-Main-2/INFO] [net.minecraft.server.level.progress.LoggerChunkProgressListener/]: Preparing spawn area: 89%
[03Aug2025 01:20:41.407] [Worker-Main-1/INFO] [net.minecraft.server.level.progress.LoggerChunkProgressListener/]: Preparing spawn area: 92%
[03Aug2025 01:20:41.906] [Worker-Main-2/INFO] [net.minecraft.server.level.progress.LoggerChunkProgressListener/]: Preparing spawn area: 94%
[03Aug2025 01:20:42.407] [Worker-Main-2/INFO] [net.minecraft.server.level.progress.LoggerChunkProgressListener/]: Preparing spawn area: 97%
[03Aug2025 01:20:42.746] [Server thread/INFO] [net.minecraft.server.level.progress.LoggerChunkProgressListener/]: Time elapsed: 34346 ms
[03Aug2025 01:20:42.746] [Server thread/INFO] [net.minecraft.server.dedicated.DedicatedServer/]: Done (48.637s)! For help, type "help"
[03Aug2025 01:20:42.778] [Server thread/INFO] [net.minecraftforge.server.permission.PermissionAPI/]: Successfully initialized permission handler forge:default_handler
[03Aug2025 01:20:42.809] [Server thread/INFO] [net.bettercombat.logic.WeaponRegistry/]: Encoded Weapon Attribute registry size (with package overhead): 11375 bytes (in 2 string chunks with the size of 10000)
[03Aug2025 01:20:42.809] [Server thread/WARN] [com.cupboard.Cupboard/]: Config smoothchunk.json not found, recreating default
[03Aug2025 01:20:42.810] [Server thread/INFO] [com.cupboard.Cupboard/]: Loaded config for: smoothchunk.json
[03Aug2025 01:20:42.810] [Server thread/WARN] [com.cupboard.Cupboard/]: Config betterfpsdist.json not found, recreating default
[03Aug2025 01:20:42.810] [Server thread/INFO] [com.cupboard.Cupboard/]: Loaded config for: betterfpsdist.json
[03Aug2025 01:20:42.813] [Server thread/WARN] [ModernFix/]: Dedicated server took 76.818 seconds to load
[03Aug2025 01:20:45.062] [Server thread/WARN] [net.minecraft.server.MinecraftServer/]: Can't keep up! Is the server overloaded? Running 2198ms or 43 ticks behind
[03Aug2025 01:20:58.624] [Server thread/WARN] [net.minecraft.network.syncher.SynchedEntityData/]: defineId called for: class net.minecraft.world.entity.player.Player from class tschipp.carryon.common.carry.CarryOnDataManager
[03Aug2025 01:20:58.665] [Server thread/INFO] [net.minecraft.server.players.PlayerList/]: Corey777[/127.162.97.126:40379] logged in with entity id 574 at (287.5, 85.0, 119.5)
[03Aug2025 01:20:58.739] [Server thread/INFO] [ModernFix/]: Using enhanced recipe sync for player Corey777
[03Aug2025 01:20:58.761] [Server thread/INFO] [net.minecraft.server.MinecraftServer/]: Corey777 joined the game
[03Aug2025 01:24:21.073] [Server thread/INFO] [net.minecraft.server.MinecraftServer/]: Corey777 was slain by Iron Golem
[03Aug2025 01:27:43.159] [Server thread/INFO] [net.minecraft.server.MinecraftServer/]: Corey777 has made the advancement [Barrel Booty]
[03Aug2025 01:28:56.611] [Server thread/INFO] [net.minecraft.server.MinecraftServer/]: Corey777 has made the advancement ['X' Marks the Spot]
[03Aug2025 01:29:03.977] [Worker-Main-2/WARN] [net.minecraft.world.level.levelgen.structure.pools.JigsawPlacement/]: Empty or non-existent pool: dungeons_arise:underworld/foundry/foundry_corridor_gears
[03Aug2025 01:29:03.984] [Worker-Main-2/WARN] [net.minecraft.world.level.levelgen.structure.pools.JigsawPlacement/]: Empty or non-existent pool: dungeons_arise:underworld/foundry/foundry_corridor_gears
[03Aug2025 01:29:04.003] [Worker-Main-2/WARN] [net.minecraft.world.level.levelgen.structure.pools.JigsawPlacement/]: Empty or non-existent pool: dungeons_arise:underworld/foundry/foundry_corridor_gears
[03Aug2025 01:29:04.003] [Worker-Main-2/WARN] [net.minecraft.world.level.levelgen.structure.pools.JigsawPlacement/]: Empty or non-existent pool: dungeons_arise:underworld/foundry/foundry_corridor_gears
[03Aug2025 01:29:05.460] [Server thread/WARN] [net.minecraft.server.MinecraftServer/]: Can't keep up! Is the server overloaded? Running 8847ms or 176 ticks behind
[03Aug2025 01:29:17.523] [Server thread/WARN] [net.minecraft.network.Connection/]: handleDisconnection() called twice
[03Aug2025 01:29:49.255] [Server thread/INFO] [net.minecraft.server.MinecraftServer/]: Corey777 has made the advancement [Acquire Hardware]
[03Aug2025 01:31:55.598] [Server thread/INFO] [net.minecraft.server.MinecraftServer/]: Corey777 has made the advancement [Monster Hunter]
[03Aug2025 01:36:14.338] [Worker-Main-1/ERROR] [net.minecraft.world.entity.animal.allay.Allay/]: No key selector in MapLike[{event_delay:0,event_distance:0.0f,range:16,source:{source_entity:[I;44558657,-805812143,-2135634931,493044029],type:"minecraft:entity",y_offset:0.36f}}]
[03Aug2025 01:36:28.581] [Server thread/INFO] [net.minecraft.world.entity.npc.Villager/]: Villager Villager['Villager'/4540, l='ServerLevel[world]', x=203.72, y=69.00, z=703.63] died, message: 'Villager suffocated in a wall'
[03Aug2025 01:38:44.972] [Server thread/INFO] [net.minecraft.world.entity.npc.Villager/]: Villager Villager['Villager'/4719, l='ServerLevel[world]', x=99.17, y=64.00, z=786.64] died, message: 'Villager was shot by Pillager'
[03Aug2025 01:40:03.688] [Server thread/WARN] [net.minecraft.server.level.ServerPlayerGameMode/]: Mismatch in destroy block pos: BlockPos{x=81, y=69, z=674} BlockPos{x=83, y=70, z=675}
[03Aug2025 01:41:39.379] [Server thread/INFO] [net.minecraft.server.MinecraftServer/]: Corey777 has made the advancement [You've Got a Friend in Me]
[03Aug2025 01:49:05.726] [Server thread/INFO] [net.minecraft.server.network.ServerGamePacketListenerImpl/]: Corey777 lost connection: Timed out
[03Aug2025 01:49:05.726] [Server thread/INFO] [net.minecraft.server.MinecraftServer/]: Corey777 left the game
[03Aug2025 01:49:05.768] [Server thread/WARN] [net.minecraft.network.Connection/]: handleDisconnection() called twice
